duration_sec,src_bytes,dst_bytes,packet_count,failed_logins,distinct_dst_ports,connection_rate,alert_priority,protocol,time_of_day,alert_type,label
2.362852016696138,451,379,8,2,7,1.848329128140845,3,1,17,misconfig,0
0.2704837376561711,98,38,7,0,90,22.373457845179185,2,0,10,port_scan,1
3.629091636825068,725,1622,15,0,14,7.323107891721316,3,0,18,admin_tool,0
580.2697619475344,330092,916,1187,0,4,7.4405864527460714,1,0,4,data_exfil,1
22.939618921363895,1122,95712,87,0,4,4.293666261174664,4,0,19,normal_http,0
2.295175274988064,2084,48703,89,0,1,4.149892607901163,4,0,18,normal_http,0
153.78784502356217,264637,680,257,0,2,7.377251911910427,1,1,23,data_exfil,1
1.4942489903330751,115,190,14,2,2,2.5364718016967496,4,0,8,misconfig,0
0.32242733121245115,787,108,29,26,1,26.44657680280767,2,0,12,brute_force,1
10.087663139261068,467,50044,51,0,1,4.420746446545207,4,1,14,normal_http,0
0.47200315609966326,596,111,50,11,1,10.077745136630424,1,0,22,brute_force,1
12.77638184423336,3099,9252,81,0,3,4.127435365823364,4,1,9,normal_http,0
16.40483035776829,1069,88086,53,0,4,0.7180890461412004,3,1,11,normal_http,0
110.69142651993832,867,628,138,0,2,0.2661692116126323,2,0,19,c2_beacon,1
0.41508660627332883,152,28,4,0,962,50.84095237895379,2,0,21,port_scan,1
0.30492197892179784,199,94,2,0,572,23.49885007039756,1,0,7,port_scan,1
90.45963870507917,1073,785,71,0,1,0.9147690991094639,1,0,8,c2_beacon,1
0.16944436891138026,485,243,59,28,2,14.468982942861373,1,0,14,brute_force,1
1.966436814011053,1737,1898,19,2,5,3.5758955403075063,3,0,8,admin_tool,0
4.783722233836216,412,374,17,3,2,0.8194202397104378,4,2,9,misconfig,0
169.39649078337197,1106,1880,79,0,1,0.9055587599661212,2,0,11,c2_beacon,1
4.1365318952591394,1146,818,40,2,8,2.3118790158864386,3,0,9,admin_tool,0
4.006569225675727,108,333,15,4,6,1.0862788205543152,3,1,14,misconfig,0
22.48561299493758,3642,54632,65,0,1,4.139863425651043,4,0,15,normal_http,0
3.8490464011552645,251,311,15,3,1,1.3968614930789593,4,0,20,misconfig,0
0.5642709953828435,514,328,76,42,1,10.239214397648883,2,0,5,brute_force,1
11.12252030938499,4729,55273,82,0,4,3.3368792827160947,4,1,8,normal_http,0
227.5478417277991,385446,248,960,0,1,4.603209641558475,1,1,5,data_exfil,1
108.09064490632338,474041,184,413,0,1,9.728369781704062,1,0,18,data_exfil,1
0.5900890926587956,343,211,76,11,1,10.048260891729782,2,0,4,brute_force,1
72.20558209139243,1137,777,117,0,1,0.9907807720684012,1,1,8,c2_beacon,1
530.3655775329584,478910,428,1338,0,4,7.45635496656676,1,0,4,data_exfil,1
105.88343254506007,1713,1791,114,0,1,0.8213011986006583,2,0,10,c2_beacon,1
516.574063119674,419792,698,1041,0,2,2.6569119102486125,1,1,2,data_exfil,1
25.903604087357824,3988,30377,89,0,2,3.449461902982976,3,0,10,normal_http,0
0.032247607919659346,155,22,5,0,912,30.229344097793405,2,0,8,port_scan,1
3.7396623846324286,737,1875,38,2,19,4.75846282994082,3,0,18,admin_tool,0
20.63513766709499,2750,55471,75,0,2,3.2797711582780744,4,1,12,normal_http,0
12.253695753567753,4766,3196,97,0,4,1.9940031595295564,4,1,9,normal_http,0
0.01016292799903981,82,1,7,0,516,50.91686729273177,1,0,18,port_scan,1
1.8536244404171212,409,116,62,33,1,18.964091000268553,2,0,20,brute_force,1
4.8532810641865405,74,313,3,2,8,1.996090386530215,4,1,18,misconfig,0
0.30712176277235403,104,79,6,0,287,33.98709018083301,1,0,2,port_scan,1
254.35627618486845,1992,945,165,0,2,0.7139378454054714,2,1,13,c2_beacon,1
5.652410029677053,1015,1228,40,0,10,4.514921486436727,2,0,15,admin_tool,0
176.83161966545816,252123,103,1062,0,2,1.4229325090280573,1,1,22,data_exfil,1
219.57944596909394,948,1445,147,0,1,0.5920167295893599,1,1,15,c2_beacon,1
502.63453355294774,154601,659,550,0,3,7.62328365736554,1,0,21,data_exfil,1
1.514002148192266,586,289,76,34,2,19.624142668538603,1,0,5,brute_force,1
8.981054158465374,1200,567,9,2,7,4.584221330840428,3,0,8,admin_tool,0
3.1137136950728745,1741,232,25,1,17,6.870880682065352,2,0,18,admin_tool,0
1.5939243178384797,342,200,71,21,1,16.737933103442643,2,0,17,brute_force,1
1.6882431547550913,810,1301,30,1,11,1.1521718664459515,3,0,8,admin_tool,0
0.1330216013524113,416,384,76,48,1,13.592940757744852,1,0,17,brute_force,1
487.4249341574773,488933,904,603,0,3,9.552763123625631,1,1,0,data_exfil,1
3.7464378861958134,499,176,12,2,2,1.8153466989037037,3,1,21,misconfig,0
17.06769312034611,4314,47336,49,0,4,3.8670746278140506,3,1,15,normal_http,0
4.667301590740386,336,218,5,3,1,1.3747110046747928,3,0,15,misconfig,0
18.597970344068905,1288,12351,82,0,2,1.5465563341557287,4,0,19,normal_http,0
0.06907362403780822,41,92,6,0,436,62.7173978038211,2,0,1,port_scan,1
6.107975137088151,531,235,17,2,3,2.340453869515616,2,0,12,admin_tool,0
101.4073905001415,1621,1104,71,0,2,0.8433390776950146,2,1,22,c2_beacon,1
6.439562057202097,955,183,35,2,15,4.28512097452005,2,0,11,admin_tool,0
1.119079884026005,1586,60896,83,0,4,1.1975390033753954,3,1,16,normal_http,0
1.9222903977517627,144,266,16,1,4,2.4454496961261953,3,0,3,misconfig,0
3.524541817073633,323,70,5,1,2,2.6610130116664563,3,0,18,misconfig,0
174.08617885674403,302712,233,1506,0,4,7.579093142255348,1,0,20,data_exfil,1
9.986682595397161,824,1791,24,1,7,6.760216478054514,2,0,17,admin_tool,0
0.8161944159073243,621,122,34,42,1,15.817973940004709,1,0,22,brute_force,1
7.030204170514288,1586,219,20,0,13,4.965948022610983,2,0,16,admin_tool,0
3.4233797989615242,974,853,18,2,17,7.654157761517871,3,0,12,admin_tool,0
0.24686964362684186,135,69,7,0,811,59.31345420228454,1,0,0,port_scan,1
0.8254806665382913,154,1666,14,2,19,4.736077895700111,2,0,13,admin_tool,0
25.392111959227233,3600,81907,44,0,3,1.7904509490104765,4,0,14,normal_http,0
246.88359023327703,212002,144,1320,0,3,9.557367939247882,1,0,6,data_exfil,1
0.11277894436500385,172,98,9,0,421,93.45663996982202,2,0,18,port_scan,1
3.162055866410425,151,827,12,0,18,2.6038162973797934,3,0,9,admin_tool,0
468.31107795309214,107786,168,722,0,3,4.873118791349804,1,1,4,data_exfil,1
0.47385577265683765,58,28,2,0,468,47.248333326503335,1,0,10,port_scan,1
1.3369680688370413,64,481,18,1,4,0.5343217978136781,3,1,18,misconfig,0
0.5819961303589636,419,225,77,29,2,24.878286768388577,1,0,8,brute_force,1
426.23911455713886,69156,532,308,0,1,3.123969453183138,1,0,6,data_exfil,1
3.7171110787547006,766,376,48,1,15,6.887314877587922,2,0,12,admin_tool,0
2.3970115485977024,727,1175,15,2,16,2.2082637903159217,3,0,18,admin_tool,0
3.3403894152056472,382,99,16,4,2,1.3685741768515958,3,1,21,misconfig,0
2.2213473649572353,1051,1157,13,1,15,1.0003697885260776,2,0,7,admin_tool,0
1.3440161460077567,290,75,9,2,6,0.38237660404309093,3,1,11,misconfig,0
0.2811557179020866,92,33,6,0,884,49.860785157020715,1,0,9,port_scan,1
0.0838312927778399,83,76,6,0,732,80.65480088612298,1,0,23,port_scan,1
7.277888509481748,1420,437,48,2,15,3.1663710543640686,3,0,8,admin_tool,0
4.783584704384908,109,763,22,1,11,5.53369001898383,3,0,14,admin_tool,0
3.747250529826331,118,390,4,3,3,0.48064925889360105,4,0,18,misconfig,0
1.8795508153604268,200,218,54,15,1,28.545250385613908,1,0,0,brute_force,1
0.1874953664096213,89,2,1,0,911,86.53576349406188,1,0,5,port_scan,1
4.5587798100357855,179,447,7,4,2,2.0920867144597133,3,0,11,misconfig,0
2.4792743911888033,213,461,17,4,2,0.9884080003954847,4,2,23,misconfig,0
265.87700275904814,1110,692,176,0,2,0.5288151441154596,1,0,1,c2_beacon,1
5.276137268719207,3442,2868,17,0,3,4.1357211350642755,4,1,12,normal_http,0
2.2918949309049954,1034,1846,29,1,17,6.663228896551324,2,0,16,admin_tool,0
0.4147527154813623,291,424,12,1,3,0.9075029576701772,4,1,6,misconfig,0
550.0210648237716,310102,148,1761,0,1,1.9312755728192619,1,0,1,data_exfil,1
439.89584316697045,143650,152,1059,0,3,4.450490772687987,1,0,16,data_exfil,1
0.013842379478239242,91,74,8,0,615,53.25137493487246,2,0,1,port_scan,1
3.5335103602030533,1683,480,25,1,5,4.201216269249742,2,0,9,admin_tool,0
0.615180129350351,761,166,73,12,2,22.72871301436018,1,0,11,brute_force,1
316.06122979767855,127511,642,1810,0,1,5.428015564888745,1,1,5,data_exfil,1
274.14568868004255,1074,1499,173,0,2,0.4694462146544991,1,0,16,c2_beacon,1
0.2208652169793714,176,98,5,0,378,82.61568325953193,2,0,18,port_scan,1
247.46611162241436,1716,649,161,0,1,0.3393356055689069,1,1,2,c2_beacon,1
193.84867799583756,1127,938,193,0,2,0.6931408691190092,1,1,12,c2_beacon,1
306.18483666611746,123591,658,306,0,4,1.4464531751453449,1,0,14,data_exfil,1
8.498341407552907,1432,995,16,2,8,4.580753359643543,2,0,13,admin_tool,0
2.6888970937879817,2477,74719,63,0,1,1.2060618086575405,4,1,15,normal_http,0
1.548435712425905,98,185,15,1,7,0.50284898625851,3,0,15,misconfig,0
563.4578423451975,242150,682,714,0,2,6.628901051499341,1,1,10,data_exfil,1
0.2387232178432821,51,69,1,0,932,57.01404840523148,2,0,11,port_scan,1
24.204426803360768,1001,48965,31,0,2,1.5534619923678825,4,1,17,normal_http,0
389.4059861886175,405933,360,1428,0,1,8.233241066895722,1,0,20,data_exfil,1
0.15380952337197962,165,8,8,0,598,42.7649841410318,1,0,23,port_scan,1
3.0673643130862844,852,1022,6,0,3,7.715658980708633,2,0,17,admin_tool,0
4.061073913073303,248,258,8,4,3,2.7321319730911116,4,0,17,misconfig,0
3.556125058332972,1275,36418,42,0,2,1.1322828639886697,4,1,18,normal_http,0
9.986103832846057,2692,33069,87,0,4,1.5204137783023217,4,0,8,normal_http,0
0.1575125781388134,174,60,6,0,137,94.16885030867418,1,0,0,port_scan,1
0.42450150544208876,143,22,9,0,851,26.211946773728407,2,0,3,port_scan,1
4.455320238566101,134,1492,33,2,7,3.0113123325935462,3,0,18,admin_tool,0
0.01559481189249608,97,32,2,0,750,27.801146051271797,2,0,18,port_scan,1
298.2400551997517,163153,449,880,0,4,1.9604063719211884,1,0,20,data_exfil,1
9.20369138380459,1685,45111,20,0,1,2.0687111124928057,3,1,19,normal_http,0
0.22118275805151516,143,74,9,0,167,76.44686901150597,1,0,23,port_scan,1
3.8446803708273123,258,440,18,3,2,0.7642395511875035,3,0,18,misconfig,0
2.473280221133412,381,337,2,1,5,2.303840957499408,4,2,8,misconfig,0
138.93986163728988,1958,1190,177,0,2,0.8447713245584354,2,1,0,c2_beacon,1
200.1107671895952,1189,1401,105,0,2,0.8993063700406322,2,0,6,c2_beacon,1
307.89775623758214,352259,643,1969,0,2,5.196279533750519,1,0,1,data_exfil,1
12.105184086456896,407,47716,42,0,1,2.4995848824387275,3,0,12,normal_http,0
4.614848181200962,81,172,15,3,3,0.837309620196963,4,1,8,misconfig,0
4.035163421815113,213,62,17,4,6,2.3089976284688563,3,1,5,misconfig,0
1.4457761450555928,430,267,15,2,1,2.6697349208215564,4,0,8,misconfig,0
3.117788366151673,552,1382,42,0,12,4.064440903226982,3,0,9,admin_tool,0
21.48994426620198,3370,11057,43,0,4,1.0678779096180646,4,1,18,normal_http,0
0.2844824098963026,188,41,8,0,945,69.95403571773824,1,0,20,port_scan,1
4.249920737799444,309,54,5,4,9,2.0769901910530373,3,1,21,misconfig,0
104.7738314449449,265757,249,1382,0,3,2.0757778259237005,1,0,5,data_exfil,1
9.867265317866082,454,683,47,1,9,4.2539486259283645,3,0,13,admin_tool,0
298.96257184467026,729,1781,57,0,1,0.8314422579037558,1,1,5,c2_beacon,1
298.56472460305156,1486,1184,190,0,1,0.12312068038246736,2,1,19,c2_beacon,1
2.6389550331059626,1625,87240,98,0,4,2.131293790949556,3,1,9,normal_http,0
0.4192269947152405,682,207,53,42,1,19.77787824053854,2,0,15,brute_force,1
1.8710247367188635,555,232,75,46,2,22.330078641741416,1,0,8,brute_force,1
2.689845315745811,391,387,10,4,3,1.4846594719532995,3,0,1,misconfig,0
329.3305465159598,268976,846,217,0,2,1.5015518713088603,1,1,15,data_exfil,1
280.14522544816987,1309,1477,103,0,1,0.13545265032353748,1,0,17,c2_beacon,1
4.077770559961564,3040,66792,41,0,2,4.902194585882634,3,0,19,normal_http,0
0.13569973059768142,170,86,5,0,354,57.114598935066894,1,0,20,port_scan,1
1.7114433813870786,580,135,48,27,2,28.033728077886686,1,0,19,brute_force,1
111.97846329883687,1878,1635,109,0,2,0.8878650626096508,1,0,9,c2_beacon,1
1.7010312061391193,324,332,17,4,9,0.9042365110939223,3,2,22,misconfig,0
209.15137035663213,1805,661,144,0,2,0.9060065633186548,1,1,22,c2_beacon,1
6.974497283923178,938,115,37,0,3,7.483457220804786,3,0,9,admin_tool,0
76.46322876220914,1936,1027,148,0,1,0.8829440496079201,1,1,4,c2_beacon,1
421.3280900313067,450213,213,1216,0,2,5.3250394675264126,1,0,11,data_exfil,1
1.6110078925337914,469,385,54,30,1,25.920643845090407,1,0,13,brute_force,1
24.04522387953878,3743,31177,32,0,4,0.8206624969170255,4,1,16,normal_http,0
3.250362919987724,69,296,9,4,9,1.6710045517260903,3,0,19,misconfig,0
4.278425268415862,577,1492,43,0,3,7.25100953677548,2,0,16,admin_tool,0
0.28955629546023853,478,127,17,2,2,1.9420673876861017,3,2,11,misconfig,0
14.90605787622926,4518,20464,62,0,1,2.1503843439167305,4,1,13,normal_http,0
1.0637461365079457,405,111,61,29,1,18.55773579502561,1,0,10,brute_force,1
0.16971829627291335,336,440,10,1,4,2.2706684159482284,3,1,18,misconfig,0
10.296333506466812,4116,82371,67,0,3,0.7405642067216818,3,0,17,normal_http,0
191.6120081687952,643,1935,168,0,1,0.6144468845346495,1,1,4,c2_beacon,1
2.5832385697533393,75,490,6,2,3,1.6454468263673594,4,1,1,misconfig,0
3.9305547081948453,331,151,5,4,1,2.126718853530955,3,1,16,misconfig,0
0.2432241881957114,185,77,3,0,285,20.230500133249166,1,0,8,port_scan,1
8.22690934714733,470,50088,99,0,3,3.11743099702853,3,0,13,normal_http,0
41.73135886465296,269222,178,1428,0,3,4.489256393551061,1,1,1,data_exfil,1
5.514169953808884,1884,1827,28,0,18,2.633773886206889,3,0,11,admin_tool,0
595.8366448119152,82332,279,265,0,4,2.584222795370204,1,0,21,data_exfil,1
9.98363557429584,687,695,27,1,8,6.176524184342579,2,0,15,admin_tool,0
26.77643284041742,2398,64753,63,0,1,1.4429058077755657,3,0,15,normal_http,0
80.4347966895361,410971,279,322,0,2,6.375811404976407,1,0,7,data_exfil,1
4.685404520387719,277,350,17,4,2,2.1951176255723914,4,1,7,misconfig,0
18.871367176553562,3222,52012,77,0,2,3.4391152998133494,4,0,12,normal_http,0
314.8102791940224,283996,907,1824,0,4,8.633633484519525,1,1,4,data_exfil,1
267.53314861947274,690,1889,58,0,2,0.3305723629954195,1,0,9,c2_beacon,1
3.616746472375751,236,52,7,2,2,0.7555350191829311,4,0,22,misconfig,0
8.689798815482199,1656,114,39,1,14,7.252653030469627,2,0,13,admin_tool,0
17.794764317016423,1412,79287,25,0,3,3.533841269733262,4,1,18,normal_http,0
29.92526523255307,1918,87695,92,0,2,4.039366491966161,3,0,9,normal_http,0
141.5565796460843,1325,1651,191,0,1,0.16309732567713126,1,1,3,c2_beacon,1
0.25920385182931344,97,30,4,0,700,97.65999661365362,1,0,6,port_scan,1
7.0309156384724165,204,795,14,0,17,3.305137190052195,2,0,7,admin_tool,0
1.8100439344562211,248,253,46,46,2,14.045732782058995,1,0,3,brute_force,1
1.8757665949454485,471,288,58,14,2,24.060864964360007,1,0,11,brute_force,1
0.36625781319154116,148,54,1,0,898,50.441416789591564,1,0,3,port_scan,1
28.119598598922014,3385,55437,20,0,1,1.7997773651488107,4,0,9,normal_http,0
228.87449042937973,296103,814,1834,0,3,4.4606423233563985,1,0,8,data_exfil,1
162.26502871379103,1204,1062,168,0,2,0.2628027112410085,2,0,17,c2_beacon,1
4.537454783988701,1253,1810,48,1,9,4.335425781476784,2,0,13,admin_tool,0
2.638211448343264,266,258,8,1,5,2.418222572283,4,0,9,misconfig,0
217.5530589013065,1422,1367,184,0,2,0.15682626363465219,1,0,14,c2_beacon,1
1.7751105522636652,756,348,70,40,1,8.113193756603724,2,0,10,brute_force,1
161.2668866083184,731,1094,91,0,1,0.3722196857153227,1,0,9,c2_beacon,1
0.371912754484842,67,69,5,0,589,77.05655066260942,2,0,0,port_scan,1
1.5679831821538268,235,331,56,42,2,12.221081143812345,2,0,0,brute_force,1
3.026004799258989,1147,639,47,0,7,5.20951725094848,2,0,16,admin_tool,0
6.368098568791613,779,1689,6,1,11,1.1419622042620658,3,0,15,admin_tool,0
12.697564845764244,2077,94955,45,0,2,3.636558562704183,3,1,12,normal_http,0
0.6068839271230414,201,229,47,32,1,15.591567456587025,1,0,18,brute_force,1
4.7156747175035925,162,79,15,1,7,2.0781280607922947,4,0,11,misconfig,0
1.3777850665463731,683,152,42,25,1,10.496221244383857,1,0,9,brute_force,1
0.011576949166096554,77,45,4,0,237,83.53578650216674,2,0,16,port_scan,1
0.917581200308979,700,216,21,33,2,14.827963096318623,1,0,16,brute_force,1
228.45680027125232,611,1700,136,0,2,0.3351997160968454,1,1,16,c2_beacon,1
2.910564574073567,389,334,19,1,9,1.7316788099884535,3,2,0,misconfig,0
19.735361378801283,4421,7449,71,0,3,2.223764628894516,4,1,8,normal_http,0
0.031978248331548643,178,76,1,0,217,53.74625428310651,2,0,7,port_scan,1
0.058934742356727306,113,45,5,0,151,46.987643741527414,2,0,16,port_scan,1
2.588824389782916,2834,69304,64,0,3,2.940739520856974,4,1,11,normal_http,0
280.0688521280659,480000,271,1454,0,4,9.418823420036807,1,0,18,data_exfil,1
0.9594047405847702,714,226,60,23,1,23.94618431722928,2,0,22,brute_force,1
54.02722301121359,1315,1108,163,0,2,0.2786419671448142,1,0,14,c2_beacon,1
24.687007717656076,3322,67188,49,0,3,2.720037146235712,3,1,11,normal_http,0
2.147276756217351,64,287,12,4,4,1.327650635627505,4,2,9,misconfig,0
3.8485113875594434,268,326,6,1,3,1.2360099136100877,3,0,19,misconfig,0
0.06335772385070915,107,98,8,0,881,96.24160169431194,2,0,11,port_scan,1
0.5673196839305654,715,194,43,18,1,9.135980513239282,1,0,7,brute_force,1
2.4118784632361114,1079,1502,18,0,5,5.358382191533436,3,0,16,admin_tool,0
0.20948217967155755,141,74,3,0,633,28.879847903305187,2,0,12,port_scan,1
0.8656805650756424,432,319,3,4,1,1.6785635812979487,3,2,17,misconfig,0
0.6640516216645335,654,188,40,24,1,16.062153767170756,1,0,14,brute_force,1
1.3077417569260077,418,261,17,1,3,1.9140654180248076,3,1,1,misconfig,0
2.2321842439930855,692,1075,10,2,9,2.2477510077057437,3,0,14,admin_tool,0
3.8196213516655537,193,221,8,4,7,0.5885724755153661,3,0,22,misconfig,0
0.26354871235997024,115,53,9,0,708,91.4018631963877,1,0,21,port_scan,1
29.388667127477092,1669,38493,45,0,3,2.3968003212963076,4,0,15,normal_http,0
90.04026562462288,214404,286,749,0,1,9.48684505664022,1,1,20,data_exfil,1
4.968529890156232,337,1258,49,1,6,2.229200977959622,3,0,17,admin_tool,0
272.52427726737346,1861,665,176,0,2,0.2394327800290984,1,1,1,c2_beacon,1
269.35568219331367,551,1381,156,0,1,0.7357347971289965,2,0,14,c2_beacon,1
7.210503332577922,1185,521,30,0,9,3.96152865957538,3,0,9,admin_tool,0
263.1831837500863,1387,970,124,0,1,0.6684791635746025,1,0,8,c2_beacon,1
536.9371073802588,419705,775,1072,0,3,7.244768456881591,1,1,8,data_exfil,1
2.8961197751908787,145,1590,32,1,12,4.587078381207189,2,0,8,admin_tool,0
1.4567217562248669,716,222,29,42,2,26.067660702784284,1,0,14,brute_force,1
354.15127642868066,333817,857,1313,0,1,4.050502978136038,1,0,21,data_exfil,1
4.709513690231631,458,123,13,1,7,1.2691654369855638,4,2,7,misconfig,0
181.12597662501207,255753,378,1474,0,2,2.5278328125354386,1,1,23,data_exfil,1
23.927485978322906,541,31531,18,0,1,2.9254139350255426,4,1,17,normal_http,0
12.295964752416852,1381,43399,79,0,3,0.9041995824152214,3,1,15,normal_http,0
0.1644428653377059,46,69,2,0,721,73.10317489404713,2,0,23,port_scan,1
2.655873274910115,3922,56612,73,0,3,4.181468757447868,3,1,15,normal_http,0
0.23083637272006743,135,47,6,0,794,62.06049756473079,1,0,1,port_scan,1
2.535582188447466,1654,1570,32,1,11,4.179594766648084,2,0,16,admin_tool,0
26.94767955410773,3078,6322,24,0,1,4.543686097560365,4,1,16,normal_http,0
43.565612652205175,1425,916,106,0,2,0.9355451550726767,1,0,11,c2_beacon,1
261.64787454706544,686,1155,55,0,1,0.8086347623343456,1,0,15,c2_beacon,1
2.2443165808179155,347,306,16,4,7,2.1798690132511123,4,0,17,misconfig,0
4.435389447739974,1899,65680,51,0,1,1.6253711101127382,4,1,10,normal_http,0
1.012703155546074,438,276,30,30,2,16.379598845882473,2,0,16,brute_force,1
4.675708282355682,112,356,18,3,7,1.6252061139028668,3,2,18,misconfig,0
0.8073372564673118,672,198,44,38,2,11.53777713118497,2,0,1,brute_force,1
4.736499400545451,1385,1491,22,0,8,2.8404697334250293,3,0,16,admin_tool,0
6.588041746096071,4151,16629,34,0,1,3.731457820802101,3,0,12,normal_http,0
8.402329124666842,1826,1421,18,2,15,7.517134931157931,3,0,11,admin_tool,0
0.027993467625402363,163,96,7,0,390,55.08307908299484,2,0,9,port_scan,1
1.8911903708567388,774,342,64,19,1,11.88361670412118,2,0,8,brute_force,1
1.492914742589034,719,199,67,39,1,21.915891730978736,2,0,13,brute_force,1
1.7493301943803246,2886,99537,90,0,1,1.4052885452999575,3,0,17,normal_http,0
5.46444179248719,1117,1098,33,1,15,2.7355271486406503,2,0,14,admin_tool,0
3.898960290147765,425,365,2,4,3,1.5324990303225738,4,1,8,misconfig,0
0.38457595675699713,160,0,6,0,87,28.95044932392991,1,0,4,port_scan,1
9.063299441677716,1884,1734,33,2,14,3.8809464033072123,3,0,17,admin_tool,0
2.499256637913179,208,496,19,2,2,0.28808014668887305,4,1,15,misconfig,0
0.3916783646719302,192,471,15,2,9,1.733365823864497,4,2,8,misconfig,0
222.46841888245785,1619,1911,130,0,1,0.28979760491270934,2,1,23,c2_beacon,1
0.03448972404324258,114,76,2,0,572,51.34866371272631,2,0,5,port_scan,1
4.939894239150311,1378,839,49,0,16,4.2710115072748405,2,0,11,admin_tool,0
1.5865324197107196,788,258,60,20,2,22.311256251417745,2,0,13,brute_force,1
1.6855302597936084,260,498,2,3,2,2.473693220472783,4,2,4,misconfig,0
6.057430969255307,957,859,24,0,19,4.745843553713835,3,0,13,admin_tool,0
263.84741725201536,1862,1704,81,0,2,0.490925348327096,2,1,1,c2_beacon,1
7.746591002320152,1960,114,7,2,5,6.157635747046994,3,0,17,admin_tool,0
15.095668715177746,1950,66018,26,0,4,1.4621054479822977,4,0,11,normal_http,0
1.9819597698012792,747,195,43,32,2,20.36106722716302,2,0,16,brute_force,1
0.26385859545701956,148,50,5,0,964,40.7437407092619,2,0,18,port_scan,1
1.201275187069052,214,62,2,2,8,0.42156201052911424,4,2,5,misconfig,0
1.2101971926538906,670,111,29,41,2,27.585803245600157,2,0,23,brute_force,1
1.966427978652155,518,110,32,43,1,24.353762103659733,2,0,7,brute_force,1
20.40632591377515,2386,79018,24,0,1,3.558766082007912,3,1,16,normal_http,0
4.681410248629259,1234,1217,30,2,17,3.47513802170123,3,0,18,admin_tool,0
6.344541517670683,1395,1628,42,2,19,1.0414975073581472,3,0,12,admin_tool,0
9.837976755392102,538,842,40,1,9,1.3978839949867192,2,0,8,admin_tool,0
76.58144677551775,1390,1459,174,0,2,0.4811931243927067,2,0,6,c2_beacon,1
0.06168211297874899,62,88,2,0,476,82.0489480740262,1,0,10,port_scan,1
0.7843622186813994,643,200,52,17,1,13.97394414803432,2,0,4,brute_force,1
3.016480886436645,296,403,13,3,6,1.7102620904788006,4,0,10,misconfig,0
4.014928022415353,465,404,8,4,6,0.30496627923504616,4,2,22,misconfig,0
0.45414627231807403,134,27,1,0,98,95.79161996691575,2,0,23,port_scan,1
96.59782626745975,1009,1129,122,0,2,0.6827648183590268,2,1,18,c2_beacon,1
1.4009892278523706,757,134,25,27,1,23.96582918454392,1,0,1,brute_force,1
0.26255337300329173,472,434,9,3,9,2.0216379626091454,3,2,20,misconfig,0
5.33761411410724,861,323,24,1,17,4.385263047261664,3,0,9,admin_tool,0
371.7596275507806,308667,385,1784,0,4,9.658918937485247,1,0,12,data_exfil,1
0.9261579407744576,352,371,18,4,6,2.787296578804713,4,0,20,misconfig,0
12.854997500864004,1949,58911,40,0,2,0.858442674291903,3,1,11,normal_http,0
4.4872786105513045,1953,85720,89,0,4,3.5478678168416344,3,1,15,normal_http,0
20.93342782065664,336453,908,371,0,4,7.54729370196847,1,0,1,data_exfil,1
1.810794308610328,208,332,54,28,2,26.62654512924273,2,0,23,brute_force,1
19.53956870729827,1032,16401,94,0,1,0.8333370824470148,3,0,16,normal_http,0
4.136829975653287,1197,546,21,0,19,2.881469087131229,3,0,10,admin_tool,0
19.867589174311,3763,21968,91,0,2,1.007030869856555,3,1,8,normal_http,0
561.3079279370832,53543,203,1981,0,1,2.192235907077339,1,1,19,data_exfil,1
22.616534435104647,507,19522,18,0,2,2.567057045777702,3,0,16,normal_http,0
273.47898770748174,1059,693,185,0,2,0.5313340809230838,1,0,7,c2_beacon,1
7.935189846817328,1974,553,49,2,15,5.546727017457728,3,0,11,admin_tool,0
0.8313629052902627,1631,967,21,0,14,1.2887522643021136,3,0,15,admin_tool,0
4.534931804602495,272,421,8,4,9,1.298865277631822,4,1,16,misconfig,0
8.839145586785357,1194,1839,29,2,6,2.9228124579119172,2,0,16,admin_tool,0
0.7234900682019906,774,289,41,31,1,8.821660152482718,2,0,14,brute_force,1
2.020030763370977,327,321,3,2,6,0.7375774606462122,4,0,23,misconfig,0
1.3449597632141412,460,325,43,24,2,13.714583242727176,1,0,15,brute_force,1
0.1310196115452799,53,9,6,0,667,87.58315490288172,2,0,11,port_scan,1
217.9922523673052,167369,642,1538,0,3,3.536176153568432,1,1,16,data_exfil,1
252.04292702004568,605,680,58,0,2,0.7525054686692069,2,1,18,c2_beacon,1
1.6272479585452106,463,64,16,3,6,2.749151050818725,4,2,19,misconfig,0
252.60730975322824,672,1162,143,0,2,0.9488573406651565,1,1,11,c2_beacon,1
2.1310929347206664,1141,867,10,2,10,1.07368232416791,3,0,7,admin_tool,0
93.3074474869391,428422,989,1832,0,4,9.831318196521492,1,0,15,data_exfil,1
0.30550151002355314,113,35,5,0,561,64.15922416965769,1,0,10,port_scan,1
274.17713924834146,1528,1718,76,0,2,0.8057855569287402,1,1,8,c2_beacon,1
8.225230399202381,620,129,49,0,15,3.5209947989725663,3,0,11,admin_tool,0
240.06681564905637,1386,1337,133,0,2,0.729053945638647,2,0,7,c2_beacon,1
0.49776438293374187,89,84,5,0,374,40.184579987152524,1,0,2,port_scan,1
2.456992021022263,197,226,19,3,7,1.3768127281519145,4,2,18,misconfig,0
0.19353091463985947,195,36,7,0,245,23.582276040373458,1,0,0,port_scan,1
0.9990988227139586,783,159,65,34,1,10.005618788936218,2,0,14,brute_force,1
8.612798424011803,4523,16248,23,0,3,2.1973045630290957,4,0,19,normal_http,0
4.031215200182069,432,379,5,1,7,0.9071709995546711,4,0,6,misconfig,0
6.5552287303837815,610,1456,16,2,7,7.417646046523434,3,0,17,admin_tool,0
0.35594931375537203,129,3,7,0,344,59.716892188423984,1,0,23,port_scan,1
2.4884583214229634,312,160,8,2,8,1.0244994767552484,3,1,6,misconfig,0
306.1477890277866,127527,788,579,0,2,6.238631180118012,1,0,12,data_exfil,1
278.75302829750336,1375,1673,197,0,2,0.15987484738976973,2,1,16,c2_beacon,1
7.2276142574379225,924,1608,44,2,6,2.2592742311438716,3,0,17,admin_tool,0
0.11142636343482912,180,60,6,0,98,20.613122611938024,2,0,7,port_scan,1
2.5338600355141367,51,471,11,1,8,2.3931775075906345,3,0,19,misconfig,0
7.662408002193528,1101,1770,33,0,15,5.187277118794016,3,0,12,admin_tool,0
67.01794465727414,422949,307,368,0,2,8.863102311046738,1,0,17,data_exfil,1
0.4669524427158568,724,145,46,26,2,13.715678783411516,2,0,23,brute_force,1
0.017543496928741152,107,6,1,0,186,56.020339691431225,1,0,9,port_scan,1
3.8368164066916193,1345,151,30,0,15,4.050938516595258,2,0,14,admin_tool,0
1.653915323617711,1429,171,31,2,15,5.576809746793744,3,0,10,admin_tool,0
1.2549993482090915,630,236,29,35,1,10.51388060122513,2,0,10,brute_force,1
258.11282842220083,1402,883,93,0,1,0.5610703121983726,1,0,14,c2_beacon,1
2.0528642003903745,409,381,17,4,4,1.5817683984673765,3,2,11,misconfig,0
3.1117498127809418,314,320,5,1,9,2.539939244139538,4,2,18,misconfig,0
5.13431695512787,744,1070,45,0,6,2.390554568767974,3,0,9,admin_tool,0
27.737636802990007,4768,74374,84,0,4,2.7908682285491198,4,1,14,normal_http,0
0.29883245484750165,56,42,9,0,90,39.36176639847018,2,0,12,port_scan,1
0.3501337810198172,192,46,6,0,192,37.01155010968769,1,0,20,port_scan,1
426.89643610658845,348276,108,1494,0,3,2.7683827026059005,1,0,20,data_exfil,1
1.2300756110161786,272,322,51,21,2,28.841710177882852,2,0,19,brute_force,1
231.7111321248378,1053,802,71,0,1,0.8645017656031619,1,0,8,c2_beacon,1
0.22205577100363869,58,85,5,0,940,24.52685249173725,1,0,6,port_scan,1
4.886487899382927,241,478,18,3,7,2.008213001826204,3,0,5,misconfig,0
0.4943238348119175,148,20,2,0,309,99.76625256653294,2,0,22,port_scan,1
15.881930473586367,4511,57888,26,0,3,2.408832750856893,3,0,19,normal_http,0
0.22442553078714206,68,96,2,0,875,40.24467462406277,2,0,20,port_scan,1
9.947994609638817,1099,1910,41,1,17,3.064059396487879,2,0,13,admin_tool,0
2.9474205990196927,440,346,11,2,4,0.47857461425464326,4,0,0,misconfig,0
1.2044802927308864,564,244,26,34,1,24.574320075696715,2,0,18,brute_force,1
1.3543057183306866,104,244,9,4,7,0.35702447393827846,4,1,3,misconfig,0
2.3897149153950346,1923,1403,17,2,6,2.888572405246549,3,0,8,admin_tool,0
6.6507457756368575,741,1350,48,2,6,7.896889916706312,2,0,16,admin_tool,0
0.43438686046972885,104,82,9,0,315,68.98065206094756,1,0,21,port_scan,1
2.5955160543316387,268,162,5,4,3,2.8979388782943816,4,1,14,misconfig,0
4.3235260487468565,59,110,15,2,1,1.7397434839560522,4,1,14,misconfig,0
7.864028821024902,212,1080,13,2,18,4.99937669917154,2,0,13,admin_tool,0
8.78500760559252,1823,1180,27,1,6,6.401000075301817,3,0,18,admin_tool,0
86.16085513405245,385639,288,1537,0,1,1.443780883988422,1,1,6,data_exfil,1
0.3410342450556273,199,74,8,0,274,68.49172519467838,2,0,7,port_scan,1
1.2994686432441818,143,418,12,4,8,2.8239149829801216,4,0,17,misconfig,0
5.1074267034862455,695,1078,46,2,4,4.950107452688812,3,0,13,admin_tool,0
315.20315446982937,142172,370,1824,0,3,4.71129838547213,1,1,0,data_exfil,1
238.6585847883911,1218,1571,185,0,1,0.6253422289582276,1,1,12,c2_beacon,1
4.56717199427456,1946,1483,18,1,12,1.136657994885959,3,0,7,admin_tool,0
78.91948534352235,1606,624,118,0,1,0.547205966650044,1,1,1,c2_beacon,1
4.95607323210096,1845,287,9,2,12,6.788324808188779,2,0,7,admin_tool,0
1.8933824006206859,298,441,6,2,3,2.4990022245596526,3,2,22,misconfig,0
2.19478339332152,1280,1789,16,1,19,6.985620647342253,3,0,12,admin_tool,0
0.48375429490164984,77,35,9,0,1014,80.72551514067005,2,0,17,port_scan,1
92.92965921052544,886,1201,96,0,1,0.3684452088107105,2,1,19,c2_beacon,1
220.6627955721446,1879,706,148,0,1,0.6621526433030784,1,0,9,c2_beacon,1
316.936856697375,66939,455,1763,0,1,7.051134408785783,1,0,7,data_exfil,1
27.73007341409818,496,68945,86,0,3,4.121266926836439,3,0,10,normal_http,0
4.146216442323144,468,171,16,3,9,0.724026139277004,3,2,18,misconfig,0
0.3972654905714726,188,9,7,0,875,35.17558785397418,1,0,0,port_scan,1
135.46027404708119,567,882,68,0,1,0.7085128578294613,1,0,19,c2_beacon,1
232.43455005565932,414446,772,622,0,2,4.5969220187717825,1,0,10,data_exfil,1
1.3574944607138193,408,390,53,32,2,15.33853008838841,2,0,11,brute_force,1
273.03707439793953,70836,355,1207,0,1,1.780359108360762,1,1,4,data_exfil,1
241.2549692974527,534,1498,102,0,2,0.8868766007233726,2,0,11,c2_beacon,1
0.018304355795894685,173,6,5,0,714,81.85134991349372,2,0,6,port_scan,1
8.747792615051708,2115,62607,54,0,4,2.741894238027584,4,1,9,normal_http,0
0.21516187180978782,119,245,13,1,3,1.2452539723440847,3,2,2,misconfig,0
0.3966027283611887,147,97,3,0,244,88.6049870129027,1,0,8,port_scan,1
11.780082553877357,1501,60055,17,0,3,2.683700340541797,3,1,13,normal_http,0
14.395830921966315,1588,87105,89,0,4,1.6909227724944267,3,0,12,normal_http,0
207.39823452320897,1765,637,138,0,2,0.10972997527167672,1,0,4,c2_beacon,1
131.63203988058737,1688,1208,115,0,1,0.598441096570353,2,1,21,c2_beacon,1
1.6615082532910421,206,116,12,3,2,2.0361764449957045,4,2,9,misconfig,0
479.87052634562826,384521,916,1009,0,4,4.698482971150989,1,1,10,data_exfil,1
1.6240075731507948,372,248,35,30,1,28.220545736130507,2,0,2,brute_force,1
1.486474168053812,678,860,23,1,14,2.37537856682043,3,0,7,admin_tool,0
0.07404808460269774,155,62,3,0,568,62.0403697574912,2,0,13,port_scan,1
0.691685287843459,652,303,35,35,2,18.815549252570314,1,0,3,brute_force,1
1.7564822800489301,508,282,51,27,2,23.822439121989802,2,0,4,brute_force,1
1.1488570355144276,181,383,5,2,8,0.5249496862767928,4,1,19,misconfig,0
55.640624311661654,1439,1107,124,0,1,0.9886025427215913,2,0,21,c2_beacon,1
0.21007010795213105,181,99,1,0,600,84.5916824271961,2,0,12,port_scan,1
2.206763245784164,1105,836,18,1,3,6.499666213611193,2,0,14,admin_tool,0
91.16083902974853,610,884,114,0,1,0.6198685789099804,2,1,20,c2_beacon,1
2.371059486982853,1821,1743,48,1,4,3.6002433753413006,2,0,10,admin_tool,0
1.9648772549990587,327,132,2,4,4,1.874794983037492,4,2,1,misconfig,0
28.920759431441233,1449,57792,50,0,1,2.1934031762974895,3,1,14,normal_http,0
10.752934737998743,2729,5922,50,0,4,1.3677782402401053,4,1,15,normal_http,0
8.05983588619691,755,22323,66,0,3,0.8263504262951664,4,0,14,normal_http,0
21.37941067939802,1309,40697,90,0,2,3.5480383073668236,4,1,13,normal_http,0
0.3136699400022137,65,24,3,0,316,98.53226590819582,2,0,7,port_scan,1
8.033597922443194,848,384,14,1,18,6.151547743562118,3,0,11,admin_tool,0
11.96799673231926,672,51110,30,0,2,3.9974191130788346,4,0,13,normal_http,0
271.8384500638305,1972,859,100,0,2,0.877119157307317,2,1,6,c2_beacon,1
2.0414787079607266,222,294,9,3,4,0.4498993045824352,3,2,4,misconfig,0
3.0544433903839607,304,343,6,4,2,2.308959165359842,4,1,7,misconfig,0
8.213036419928114,4624,70672,48,0,2,1.3618459492256667,3,0,12,normal_http,0
109.62698072655084,485964,321,1606,0,1,1.3164332524407474,1,1,2,data_exfil,1
0.20850032031850754,66,92,7,0,614,87.37845970751583,1,0,8,port_scan,1
8.424191615848835,1962,1256,11,1,19,7.889353742029944,2,0,11,admin_tool,0
0.4888808749158368,47,12,8,0,527,77.46649402976033,1,0,0,port_scan,1
1.0836521224309517,788,215,45,31,1,10.919746588947328,1,0,13,brute_force,1
6.289730324609149,1377,1303,44,0,10,3.724864777663338,3,0,18,admin_tool,0
76.15282865362903,867,994,74,0,2,0.9081681821630097,1,1,22,c2_beacon,1
1.4356990959543308,1671,1540,35,0,10,1.4485921132284636,3,0,16,admin_tool,0
206.41354458924377,683,1551,87,0,1,0.6396648116139292,2,1,21,c2_beacon,1
331.02408812428644,379127,623,1002,0,1,7.051256721389749,1,0,3,data_exfil,1
5.383766608383095,579,879,17,2,14,4.689496569594208,2,0,17,admin_tool,0
195.14453323529796,1705,1340,178,0,2,0.2627066355061416,2,1,11,c2_beacon,1
12.055668630471425,2083,67333,27,0,4,4.2998105443573955,4,0,14,normal_http,0
1.337698737868542,577,175,42,31,1,13.80104365796156,1,0,5,brute_force,1
1.1084134767154907,1035,131,28,1,15,4.150666880136015,3,0,17,admin_tool,0
1.6816410175208014,585,291,79,30,1,14.69332934510983,2,0,11,brute_force,1
9.64314063073908,2567,86693,77,0,3,4.6964123861100076,3,1,18,normal_http,0
4.790852571323705,324,125,16,1,8,0.23087863595292096,4,0,20,misconfig,0
4.277122758451142,960,887,18,1,6,4.361778007603083,2,0,11,admin_tool,0
0.23969630307760786,128,13,5,0,788,38.10811954731888,2,0,8,port_scan,1
4.520752021599654,401,251,9,2,6,1.8249301327221452,3,0,18,misconfig,0
1.7724415843000034,1653,1949,28,2,6,3.4893539948029586,3,0,16,admin_tool,0
0.20552730564479302,85,31,6,0,225,73.1995612990219,2,0,17,port_scan,1
0.39465810648015787,180,63,1,0,169,45.23255165984102,1,0,1,port_scan,1
0.2258162616530878,81,97,3,0,811,24.61180657592199,2,0,11,port_scan,1
250.06946718246783,1476,1602,195,0,1,0.7044289686450333,2,1,1,c2_beacon,1
12.330112575927515,1118,3413,43,0,2,3.781449268253839,3,1,10,normal_http,0
0.03256779975307862,143,65,7,0,505,84.66203516447501,2,0,4,port_scan,1
0.39408291161616016,90,57,5,0,822,72.82421757610706,2,0,7,port_scan,1
0.7094112068324421,726,261,54,34,2,16.107579561922744,1,0,11,brute_force,1
112.6385864829698,92968,261,1196,0,2,1.6362694736592958,1,1,21,data_exfil,1
0.5883898062209517,655,330,51,42,1,26.173487865555625,2,0,19,brute_force,1
522.4461701636442,95929,419,301,0,1,6.2163705467140655,1,1,19,data_exfil,1
0.08260718483267328,107,68,8,0,996,54.200146506248934,2,0,18,port_scan,1
79.3215437447104,571,1968,192,0,2,0.7856952506761995,1,0,20,c2_beacon,1
286.44862680876946,89148,318,1710,0,4,2.8540511069683587,1,0,15,data_exfil,1
15.223177847073757,4091,16522,60,0,3,1.7110388868710467,3,0,19,normal_http,0
2.9915704694879075,328,108,18,4,3,0.38460089020095045,3,2,14,misconfig,0
0.05478182830257044,152,22,4,0,96,22.360324411616475,1,0,13,port_scan,1
193.17701632298818,1576,979,123,0,1,0.6998697790237314,1,0,14,c2_beacon,1
0.44620535129172545,52,56,1,0,167,82.56122679463738,1,0,11,port_scan,1
0.197150423429919,88,35,4,0,639,25.540344502868795,1,0,22,port_scan,1
2.5802162075051127,966,192,46,0,13,3.4395640484745984,2,0,11,admin_tool,0
3.3155171530031526,65,160,9,1,2,2.1692548592174585,4,2,8,misconfig,0
7.255730421029353,1169,698,39,2,17,6.968663071712045,3,0,18,admin_tool,0
0.2907903001761162,49,24,2,0,842,58.34835521102814,1,0,3,port_scan,1
0.3679432168698072,139,86,2,0,954,30.92807229209381,1,0,3,port_scan,1
5.93054787075426,1270,561,12,1,14,6.31319633635842,2,0,11,admin_tool,0
22.46878873707344,602,78711,63,0,1,4.072520127929324,3,0,12,normal_http,0
130.9657263093482,696,1234,138,0,1,0.9690750777401204,2,0,16,c2_beacon,1
0.05004541941592135,137,64,5,0,566,95.65585176002259,2,0,1,port_scan,1
382.07482404001746,432342,369,1982,0,4,3.7933380019730807,1,0,9,data_exfil,1
0.4362848882273656,188,10,7,0,525,24.619284149533904,2,0,19,port_scan,1
6.742119234062981,498,1957,15,2,10,5.438385392076883,3,0,11,admin_tool,0
0.27006130409054957,114,14,6,0,282,36.398496762145314,2,0,11,port_scan,1
1.7369783653474518,254,63,13,4,5,0.6378461150932595,4,0,10,misconfig,0
155.77295337024367,850,1923,62,0,1,0.9650434741391486,1,0,20,c2_beacon,1
127.53961464387514,69782,207,1385,0,2,9.572651107161388,1,1,13,data_exfil,1
513.656183875256,339304,200,375,0,3,1.7836408501957737,1,0,12,data_exfil,1
1.610348225613921,104,688,36,0,15,2.393576189795704,2,0,11,admin_tool,0
0.34116539576752486,62,84,5,0,284,73.31083308625651,1,0,23,port_scan,1
4.459116075928505,564,1331,44,2,14,6.929084247723585,3,0,10,admin_tool,0
248.82641864817583,1198,1812,196,0,2,0.8237490084854957,1,1,16,c2_beacon,1
0.19937187146035784,347,358,15,1,7,1.0960307698917775,3,1,2,misconfig,0
134.1113499786,1594,863,107,0,2,0.5274558687373735,2,1,23,c2_beacon,1
313.5914563054961,487938,240,942,0,4,2.2396068899902777,1,0,8,data_exfil,1
4.841727545829942,754,494,30,2,15,3.926914780796518,3,0,15,admin_tool,0
6.420036660573508,654,1822,12,0,5,1.1781300030652733,2,0,10,admin_tool,0
2.748593330335785,301,452,11,1,3,2.919002884157895,3,2,14,misconfig,0
4.324808664231545,1705,1379,16,2,11,1.8423830817013642,2,0,9,admin_tool,0
1.5683632820319287,283,121,30,36,1,28.918998369509026,2,0,23,brute_force,1
1.4234691861898634,175,112,13,2,1,0.4831505269086432,3,1,15,misconfig,0
12.877266890612768,4418,65860,77,0,2,2.6509979527444014,3,0,9,normal_http,0
1.0407784013265513,423,214,77,12,2,22.566464222344422,2,0,12,brute_force,1
0.2541452843090923,149,82,6,0,713,46.73906549568486,2,0,5,port_scan,1
260.7699315251633,552,1974,180,0,1,0.4659011054272938,2,1,5,c2_beacon,1
8.647773771901436,308,1598,33,0,13,4.62005253598714,3,0,14,admin_tool,0
0.3227766733041366,374,470,2,4,5,1.4684413010645276,3,0,20,misconfig,0
6.009638815083555,507,385,6,2,17,2.028722841326681,2,0,8,admin_tool,0
430.6005979133945,423957,470,572,0,1,4.124729508059907,1,0,16,data_exfil,1
0.13987274987925197,77,95,1,0,272,82.59879396511504,2,0,8,port_scan,1
6.202403812868298,596,305,46,0,14,2.5350669775338144,3,0,12,admin_tool,0
29.068072412589302,4658,61213,14,0,1,2.8852355264557135,3,0,10,normal_http,0
4.430763685029879,469,461,15,2,4,2.139317641590282,3,0,11,misconfig,0
0.4889515378152803,106,74,4,0,715,23.119681005992927,2,0,10,port_scan,1
0.33653224609410914,391,195,13,3,3,2.53791473854732,3,1,9,misconfig,0
236.45575660391586,1017,1413,183,0,1,0.39534406511824705,1,0,13,c2_beacon,1
151.84198579974088,1617,1616,133,0,1,0.46963832085249957,2,0,4,c2_beacon,1
46.87909549114238,115679,541,1423,0,1,5.1778355405691405,1,1,15,data_exfil,1
280.90786861075605,1937,1758,179,0,2,0.8580929542749407,1,1,1,c2_beacon,1
0.22905721646514846,77,13,4,0,550,63.731857615023074,1,0,18,port_scan,1
577.6145143753974,255782,471,1115,0,2,3.508248843356732,1,1,4,data_exfil,1
1.4214899227137296,2703,96018,69,0,1,3.467404610824623,3,1,13,normal_http,0
21.473572715473736,3070,77928,58,0,4,2.496656511633505,4,1,14,normal_http,0
4.457266873881445,116,425,16,1,2,1.4065775801827933,4,0,23,misconfig,0
0.17682382012301956,406,114,45,22,1,8.691442085108154,1,0,16,brute_force,1
243.48659751304533,1925,844,174,0,1,0.6291924665174495,2,1,8,c2_beacon,1
504.9152086915095,244442,555,975,0,1,5.955135710872278,1,1,5,data_exfil,1
3.6385623386514765,122,448,14,4,8,2.820535638895485,3,2,15,misconfig,0
0.6494918135486718,1180,1627,18,1,10,1.582412715562545,3,0,16,admin_tool,0
120.08815715516884,241349,648,1565,0,3,6.290186044345163,1,1,15,data_exfil,1
0.3560346596520457,122,64,5,0,332,58.58114890017538,2,0,12,port_scan,1
3.752788487214571,299,415,4,4,7,2.6855858489064675,4,2,16,misconfig,0
1.9930344405078098,258,230,47,19,1,22.96502133348841,1,0,21,brute_force,1
17.894498367229524,1064,24244,61,0,2,1.1307444502222865,3,0,10,normal_http,0
11.117242081553421,2476,38207,89,0,1,4.304798648782522,3,0,9,normal_http,0
23.236282333811737,4671,44356,24,0,3,4.261497836568092,3,1,11,normal_http,0
9.99350454780227,1833,1422,22,0,11,1.430801238943858,3,0,8,admin_tool,0
66.196871043993,70365,217,1937,0,3,9.942203555372968,1,0,11,data_exfil,1
81.08286394539581,664,882,182,0,2,0.8466064441147448,2,0,2,c2_beacon,1
3.006252613791164,400,316,17,1,9,0.28620239281009047,3,2,8,misconfig,0
4.830460573172889,53,377,6,3,5,1.0199397428887291,4,2,7,misconfig,0
0.5996450079183252,235,61,2,4,2,1.9158416019811662,3,2,3,misconfig,0
156.37864464325833,655,1996,65,0,1,0.5385388186900457,2,0,16,c2_beacon,1
0.19646020897485417,670,242,47,43,2,17.646430706397915,1,0,21,brute_force,1
0.030556099481501772,153,9,5,0,725,43.42576293607718,2,0,1,port_scan,1
18.498722154387135,1018,38289,38,0,3,4.951759752978733,4,0,9,normal_http,0
1.424226778496201,422,105,21,29,2,28.182703487881696,1,0,5,brute_force,1
19.076118579012668,1789,92273,98,0,1,1.997105808617015,4,0,12,normal_http,0
3.639018032612874,241,325,11,2,4,0.3546093549011358,4,1,8,misconfig,0
2.803718490255908,240,74,5,4,7,1.80438220351806,4,2,17,misconfig,0
0.8824977368798101,294,168,79,23,1,24.079084454480174,1,0,1,brute_force,1
3.5363721923266764,1924,657,21,0,17,4.444816599601031,3,0,8,admin_tool,0
0.2286385982789964,108,0,4,0,189,39.9965557118097,2,0,9,port_scan,1
1.3685548356554722,185,466,11,2,2,2.4175019775008884,3,1,2,misconfig,0
88.63771226848216,98784,656,594,0,2,7.368585271664818,1,0,13,data_exfil,1
163.94196199359916,99178,893,1320,0,3,7.296368797211754,1,0,4,data_exfil,1
218.3834030393891,1856,1498,179,0,2,0.34771526293330746,1,0,7,c2_beacon,1
5.841555191999606,3089,10569,35,0,2,4.59249648816484,3,0,17,normal_http,0
3.6019685022312755,402,326,17,3,7,2.2945513934467257,3,2,5,misconfig,0
257.29034292081246,128840,629,256,0,4,6.493267070363413,1,1,21,data_exfil,1
10.556381999445906,1731,72017,73,0,3,4.0832855732426045,4,1,8,normal_http,0
1.4212811339026303,640,146,60,23,1,17.99990342489101,1,0,21,brute_force,1
3.4472504889546243,4220,72325,12,0,3,0.6615173803501959,3,0,8,normal_http,0
12.604502913096571,4458,25435,54,0,2,2.6735533499677038,3,0,13,normal_http,0
5.348730852812713,1581,1655,40,0,7,6.3992620025179505,3,0,16,admin_tool,0
4.963531632344912,469,1350,5,2,15,1.9676246074973602,2,0,12,admin_tool,0
0.4701379770239217,188,21,4,0,659,49.88438408381455,1,0,0,port_scan,1
17.866076297642906,2424,4412,66,0,3,2.1471271958593188,3,0,16,normal_http,0
196.4011311999455,636,1698,82,0,2,0.8843215792388804,1,1,7,c2_beacon,1
17.758435361786365,614,69684,10,0,3,4.6827756741566695,3,0,11,normal_http,0
1.379521552071134,313,123,18,2,9,2.9497122452547497,4,2,19,misconfig,0
2.157360995264504,358,273,13,4,1,1.066020578424484,3,1,10,misconfig,0
1.3862301548587008,1775,1441,7,1,3,3.8924236641780117,2,0,13,admin_tool,0
1.1617645541564243,254,184,15,3,9,0.5110721847687734,3,0,21,misconfig,0
7.501464961406713,1483,586,10,1,15,7.512566605310706,2,0,15,admin_tool,0
0.05780563001725687,183,50,7,0,135,43.247004784508405,1,0,7,port_scan,1
209.719058861029,100390,933,365,0,3,8.428959061737658,1,1,2,data_exfil,1
0.1309436959089321,160,63,9,0,626,30.394393962856103,1,0,1,port_scan,1
10.276507723365137,4881,62606,85,0,4,2.660568030563941,3,0,11,normal_http,0
2.3126901687399175,665,1944,18,1,18,1.2004183568495699,3,0,18,admin_tool,0
0.4904532427805419,100,97,9,0,472,76.62680777838149,1,0,1,port_scan,1
0.5878754786689651,763,126,48,37,1,20.78050517178155,2,0,3,brute_force,1
4.838061822435853,328,280,15,3,4,0.8734982422446516,4,0,7,misconfig,0
109.25439396383831,1732,771,192,0,1,0.6016644678827685,1,0,4,c2_beacon,1
0.1764920490628733,289,480,16,4,8,2.9421800681068997,4,1,4,misconfig,0
5.222348438832572,1917,1914,34,1,10,4.16082915972197,3,0,12,admin_tool,0
0.31663264528493285,461,56,19,2,2,0.8868693943607437,4,1,7,misconfig,0
0.1044448421889787,634,201,53,21,1,14.92112424980704,1,0,16,brute_force,1
2.465703779788111,790,1675,8,2,13,3.805916649574353,2,0,7,admin_tool,0
3.118882954531838,104,410,5,1,9,1.1326052289482362,3,1,12,misconfig,0
481.14794449705346,460354,396,410,0,3,9.191765117302268,1,1,3,data_exfil,1
381.7110215651081,155433,757,796,0,4,1.84203466221102,1,1,11,data_exfil,1
46.70100400015768,355302,767,727,0,1,4.6152720348379885,1,0,17,data_exfil,1
108.97943487858804,1672,1638,112,0,2,0.9398845789833756,2,0,16,c2_beacon,1
236.5932887805269,539,1159,131,0,1,0.767477306652438,1,1,11,c2_beacon,1
10.181343751906502,3533,95296,28,0,4,3.769235358518402,4,1,12,normal_http,0
6.544078872358775,1366,1690,17,0,17,5.499833735710165,2,0,14,admin_tool,0
1.9851486647319665,407,1090,34,0,17,4.766959473976194,3,0,8,admin_tool,0
12.017804437898421,911,65610,36,0,1,3.9084129651799615,3,0,14,normal_http,0
7.3441201711448905,1770,1515,32,0,13,6.318049300766478,3,0,16,admin_tool,0
0.4180134299800512,53,33,5,0,426,74.27030582841135,2,0,18,port_scan,1
9.13838939085747,427,389,20,0,15,7.249571577129201,2,0,12,admin_tool,0
2.9331350648758767,3864,16764,53,0,4,4.258598270714895,4,1,12,normal_http,0
158.41097179194225,889,1209,108,0,2,0.6573151288482235,2,0,13,c2_beacon,1
493.60943164047086,405288,412,1197,0,1,3.3865366706502003,1,1,0,data_exfil,1
2.001877204187063,1290,1933,27,1,18,3.039056230438537,2,0,7,admin_tool,0
3.100244213142004,911,206,40,2,8,4.56952746785354,2,0,10,admin_tool,0
2.1008891128622498,1719,1091,27,0,18,1.6786648651929141,2,0,15,admin_tool,0
26.691741318859325,3374,9593,88,0,4,1.7123805019830725,4,0,11,normal_http,0
16.292270708395932,3829,68650,78,0,2,4.4725176483192355,3,1,9,normal_http,0
146.50100893305134,337062,535,376,0,3,8.817013254245147,1,1,3,data_exfil,1
320.01262455368595,120309,258,213,0,1,3.9406500151177024,1,0,23,data_exfil,1
4.3203030304983425,222,331,9,3,6,2.9779541197863733,4,2,20,misconfig,0
29.892607323111548,3037,41077,53,0,4,3.008431756689439,4,0,19,normal_http,0
244.39016897587123,338763,417,1183,0,1,4.085550683249057,1,0,20,data_exfil,1
113.28643600216068,1735,1529,161,0,2,0.1353424728174871,1,1,10,c2_beacon,1
4.015150819626557,100,496,15,3,3,2.135006098492795,4,1,12,misconfig,0
1.256730488843426,1652,1395,13,0,11,1.0135234000405364,2,0,18,admin_tool,0
6.699827316599858,1901,1160,26,0,19,5.8287474993013335,3,0,14,admin_tool,0
23.63660904880726,3278,61030,49,0,4,4.142162949966256,3,1,12,normal_http,0
0.46877750451977407,131,17,2,0,112,43.39064883297545,1,0,12,port_scan,1
17.443357437184993,2727,22381,44,0,1,4.716271642589129,3,1,12,normal_http,0
0.06953567438744984,71,50,1,0,937,99.39323203915761,2,0,22,port_scan,1
2.111416261252575,332,336,11,1,6,0.5639172225326752,3,2,20,misconfig,0
0.19083598066284913,186,27,8,0,133,92.02570144594172,2,0,18,port_scan,1
6.209885320704915,2391,33328,37,0,1,2.7638267012222406,3,0,12,normal_http,0
1.4156286875163024,479,287,65,28,2,23.935453976832306,2,0,6,brute_force,1
65.01332412054354,538,1572,174,0,1,0.15630835799750642,1,1,21,c2_beacon,1
3.258122639730503,390,137,16,3,9,1.5977922098931467,3,0,12,misconfig,0
2.222072902675284,254,347,14,1,7,2.393956846598793,3,0,14,misconfig,0
0.4184765109478036,320,206,56,46,2,18.441879266495906,1,0,23,brute_force,1
1.4711296257534725,159,1230,32,0,5,6.938924085013578,3,0,18,admin_tool,0
7.607537090772613,847,1571,41,1,18,5.804566246050757,2,0,15,admin_tool,0
1.8796314885258438,575,316,40,45,2,17.31636073077861,2,0,2,brute_force,1
119.17686022556279,643,515,95,0,1,0.9409897348780972,1,1,0,c2_beacon,1
3.915146657632727,494,136,2,3,3,1.280050518119533,4,1,21,misconfig,0
4.107781667628657,214,352,9,3,7,2.6569417485447313,3,1,17,misconfig,0
1.8408093684809346,235,223,2,2,9,1.6077943901615206,3,2,22,misconfig,0
0.07027161461063536,88,94,9,0,328,85.33785620468356,2,0,20,port_scan,1
170.1906341106554,1534,705,96,0,2,0.3408407189755368,2,0,23,c2_beacon,1
18.73801459373441,4498,99628,66,0,1,4.719670769207155,3,0,16,normal_http,0
17.51070432530953,2825,76133,95,0,1,4.153854840758608,3,1,11,normal_http,0
1.7942196896843936,1269,467,5,1,10,1.6002573563777305,2,0,17,admin_tool,0
12.734958507807955,1192,19157,29,0,2,3.8678285498226703,3,1,8,normal_http,0
14.977852614253145,477,28632,66,0,2,1.2755714636523348,4,0,9,normal_http,0
9.491573135377894,1157,73682,58,0,3,1.9356976844276332,4,0,19,normal_http,0
4.707076876014502,1710,301,27,0,11,2.638197227148122,2,0,8,admin_tool,0
1.6709177728372488,453,137,25,17,1,18.16412768017092,2,0,10,brute_force,1
27.721160711413503,619,82144,85,0,1,4.169095807350026,3,1,13,normal_http,0
0.954347867489271,166,167,6,3,1,0.7445057650415443,4,0,12,misconfig,0
176.24453291852515,1437,1343,62,0,1,0.34384842848472885,2,1,7,c2_beacon,1
260.8429852815981,928,1398,188,0,1,0.4687653127986452,1,1,17,c2_beacon,1
0.9560338570891777,200,150,64,22,2,13.03014172107618,1,0,7,brute_force,1
182.42688447623885,124854,396,1201,0,2,6.081346731612894,1,0,6,data_exfil,1
20.268289811187657,424,67273,64,0,4,1.650498004993165,4,0,13,normal_http,0
0.35833351117433637,157,18,5,0,915,77.77145883647248,1,0,14,port_scan,1
24.91099502419795,3918,66557,84,0,4,3.1831635885471594,3,1,18,normal_http,0
2.4141767252111257,450,101,14,1,1,1.0988602735685067,3,2,6,misconfig,0
0.3546289340562174,502,306,56,30,2,23.489754898182916,1,0,6,brute_force,1
4.001870911241552,265,282,15,3,5,2.1964880778502907,4,2,22,misconfig,0
0.025246643959505266,164,15,2,0,115,45.193567089037415,2,0,14,port_scan,1
0.538698268682083,291,363,66,44,2,16.603333366611295,2,0,7,brute_force,1
286.8771527343587,1892,1035,177,0,1,0.26642826772042993,2,0,22,c2_beacon,1
0.5956757809066902,340,646,18,2,15,3.2335248062450836,3,0,11,admin_tool,0
501.28931034615783,111554,679,1522,0,1,4.6492450869737665,1,1,10,data_exfil,1
17.431876750354306,375893,884,1643,0,4,3.091636415929718,1,0,8,data_exfil,1
0.01000570103012941,93,69,5,0,874,97.84625303778662,1,0,6,port_scan,1
0.1341450133292341,130,7,3,0,543,49.68903507441023,1,0,5,port_scan,1
1.3837885600385091,454,295,37,0,6,7.296171591876846,2,0,17,admin_tool,0
0.4225654820333873,109,55,3,0,150,29.97712455291124,1,0,3,port_scan,1
269.70639393134394,453316,788,1505,0,1,3.32470386214833,1,0,0,data_exfil,1
0.9460170255787548,324,371,3,3,8,2.862442172951198,3,2,23,misconfig,0
4.532681910427084,1970,1218,20,1,8,1.002872026074224,2,0,18,admin_tool,0
9.978421607479502,1989,20420,91,0,3,1.56484909161504,3,1,15,normal_http,0
163.52070378251014,1649,990,138,0,2,0.6372507010718553,1,0,18,c2_beacon,1
3.9885968662913855,241,462,12,1,1,2.337805837217026,4,2,18,misconfig,0
1.1025087100297015,133,248,12,4,7,1.4239479664720345,3,2,7,misconfig,0
4.0716191415863054,1355,138,8,2,17,7.122913890286984,2,0,15,admin_tool,0
4.778640523870576,449,1780,46,2,8,1.8722994539526483,2,0,14,admin_tool,0
1.1118486021429101,1005,475,47,0,14,1.1342103752492876,2,0,14,admin_tool,0
4.165664744943037,1194,689,32,1,13,1.6287802680045882,2,0,18,admin_tool,0
2.801950760680753,445,292,36,0,17,4.855202966237505,3,0,18,admin_tool,0
0.12753831525041293,73,40,3,0,992,35.300833433166936,1,0,22,port_scan,1
0.02598279468736759,138,90,1,0,323,99.39538314998232,1,0,19,port_scan,1
345.68373513629194,434928,687,376,0,4,4.076641377255323,1,0,16,data_exfil,1
14.589452493523785,983,87912,46,0,3,4.22411547866316,3,0,8,normal_http,0
10.918657263191468,1792,36157,28,0,4,2.940349890294856,4,0,17,normal_http,0
2.3405198637357008,1231,1399,25,0,10,7.023580406112115,2,0,9,admin_tool,0
1.8708534004690331,477,295,39,41,2,9.492415300313782,1,0,16,brute_force,1
29.44860278116181,4708,43235,21,0,1,2.1514916627069933,4,1,10,normal_http,0
198.9341163105652,1764,1392,137,0,1,0.3282514937737374,1,1,12,c2_beacon,1
0.7616853873442706,365,129,74,26,1,25.5223790648253,2,0,23,brute_force,1
1.7127698572247938,256,203,19,4,9,0.9376397263110658,3,2,10,misconfig,0
3.2530124680040684,468,167,8,2,6,1.1763594655897185,3,2,17,misconfig,0
0.31793268323530943,56,67,4,0,160,77.15393312569938,1,0,4,port_scan,1
1.7471823584269845,418,118,5,3,2,0.6230549332950803,4,2,5,misconfig,0
1.3205966285919997,696,259,46,29,2,22.8977035324256,1,0,0,brute_force,1
2.4157245070354763,1279,1688,13,2,14,2.25726117179112,3,0,7,admin_tool,0
109.20542378907265,705,1138,129,0,1,0.9102377000818633,1,1,0,c2_beacon,1
191.8545077078535,921,1944,157,0,1,0.2771990845981152,1,1,17,c2_beacon,1
1.421387692710738,672,323,68,44,2,8.322675255017804,1,0,2,brute_force,1
1.418063454066343,699,114,66,38,1,19.736144023479074,1,0,3,brute_force,1
300.85979917027254,482716,565,1886,0,2,8.621065016827709,1,0,7,data_exfil,1
13.702976044231757,4111,27372,21,0,1,3.7828261785790493,3,0,13,normal_http,0
328.728187399385,178692,177,1151,0,4,7.119745390804386,1,0,20,data_exfil,1
0.5343878068973547,750,181,55,11,2,24.64598768326856,2,0,6,brute_force,1
374.79157126532493,85709,709,947,0,2,5.598736687405559,1,1,3,data_exfil,1
56.65904585831978,810,1048,105,0,1,0.9825114043546512,1,0,8,c2_beacon,1
9.678691235928099,1723,1099,30,1,18,1.8796280190570793,3,0,17,admin_tool,0
1.7557751213566637,227,207,63,29,2,27.4321656962151,2,0,22,brute_force,1
0.11147650990651989,98,3,8,0,244,76.81083454384526,1,0,1,port_scan,1
0.8118422387827813,938,517,48,0,16,7.736120882219937,3,0,15,admin_tool,0
0.31133933776715483,105,40,9,0,549,61.93273365809298,2,0,21,port_scan,1
5.845360636500932,1849,424,44,2,18,3.5896089243812757,2,0,10,admin_tool,0
0.3652407732627857,96,46,9,0,735,24.97625809317622,1,0,17,port_scan,1
1.4120659918084508,1991,1432,27,1,14,2.101649604082073,2,0,10,admin_tool,0
16.18270622185537,728,43940,19,0,3,4.430261560591488,3,1,12,normal_http,0
61.44901941180101,1419,791,172,0,1,0.6092655042819219,2,0,17,c2_beacon,1
0.8685654415321611,786,212,27,45,2,22.71774160371303,2,0,2,brute_force,1
325.53168510590353,87260,614,225,0,1,8.344510814028911,1,0,5,data_exfil,1
204.34576170478448,1906,1638,175,0,2,0.15731629075226505,1,1,13,c2_beacon,1
474.1665786927891,404403,698,602,0,4,6.293134589210694,1,0,4,data_exfil,1
1.942832887603814,328,363,48,41,2,27.09912959630512,2,0,14,brute_force,1
450.24598674584064,205976,643,982,0,1,5.836064471588631,1,0,9,data_exfil,1
0.1346177707773752,170,75,5,0,205,86.07825701664655,2,0,0,port_scan,1
204.08121711574103,1655,1595,74,0,1,0.6955005336662702,2,0,5,c2_beacon,1
21.421091129646005,2352,60072,83,0,3,2.9104702777765046,4,1,18,normal_http,0
240.65741510462107,839,846,183,0,1,0.7254578074087429,1,0,20,c2_beacon,1
0.5644627532798621,831,1194,13,1,14,5.017730622511408,2,0,12,admin_tool,0
14.161550350400436,3698,92556,75,0,1,3.792558194543668,3,0,16,normal_http,0
0.4472282240884296,166,54,1,0,481,22.773621338118666,1,0,10,port_scan,1
72.17440714126181,634,1079,196,0,2,0.8144362935172357,2,0,20,c2_beacon,1
0.8843077461528293,260,203,61,34,1,9.670535028131686,2,0,4,brute_force,1
26.153284534345378,3578,47433,18,0,4,3.238572169282884,3,1,12,normal_http,0
0.014964280173594255,90,72,9,0,600,89.89588747730761,2,0,5,port_scan,1
1.6796058311187523,505,367,20,14,2,27.286379258483592,1,0,16,brute_force,1
0.9137975023862047,257,221,20,43,2,20.08298662353465,2,0,7,brute_force,1
0.29015553174043685,55,82,3,0,259,39.80080585123296,2,0,0,port_scan,1
0.24621108309549739,370,282,42,48,1,25.68749354681975,2,0,21,brute_force,1
137.7817195200721,339014,630,1057,0,4,5.3864599750483855,1,1,13,data_exfil,1
25.297400046260037,529,39619,28,0,3,3.168431364899723,3,0,16,normal_http,0
13.51814621016972,2739,78442,76,0,1,4.373648882090318,3,0,11,normal_http,0
8.529642802527029,1668,143,32,0,18,4.470019070547929,2,0,14,admin_tool,0
25.428768680731338,651,44284,52,0,3,2.9138467238601367,3,1,10,normal_http,0
7.564472446707093,1624,696,31,2,13,2.2046989685490352,3,0,9,admin_tool,0
92.5815693781245,1380,1736,110,0,1,0.16987669838990316,1,0,6,c2_beacon,1
4.194123956214018,498,125,15,2,1,2.3718329789128934,4,2,2,misconfig,0
1.949629041437054,484,303,55,44,2,24.681790310438497,1,0,10,brute_force,1
7.681457073922368,1641,2067,39,0,1,4.766893280343803,3,1,9,normal_http,0
0.5359801257597581,279,174,16,1,2,0.8199477474209316,3,0,22,misconfig,0
424.228714461853,331504,765,1911,0,1,2.1760536737193616,1,1,16,data_exfil,1
9.655069173285055,3139,23149,10,0,4,1.3911392598399215,3,0,15,normal_http,0
6.988674025694529,923,462,17,1,4,6.927481190181805,3,0,15,admin_tool,0
38.41025505421559,1074,1033,119,0,1,0.8912671953411229,1,0,4,c2_beacon,1
0.2610582509974374,67,3,6,0,125,59.01336548970115,2,0,11,port_scan,1
6.242645331455365,1088,1212,30,2,10,5.807290041973363,2,0,16,admin_tool,0
3.1042976713336436,103,219,12,1,9,2.398258170989973,3,1,18,misconfig,0
16.662300335743677,4847,87338,91,0,1,3.3015892902475175,3,0,13,normal_http,0
2.8824098570625987,91,307,5,4,1,0.8746870543875853,3,1,17,misconfig,0
1.6062324788047586,1856,882,5,1,3,4.880258186585587,3,0,18,admin_tool,0
42.6321781423775,1840,880,194,0,1,0.3298027363869197,1,0,3,c2_beacon,1
29.992496895484685,961,9381,80,0,4,1.9171995235651962,4,0,11,normal_http,0
0.3895904253277931,716,347,63,10,1,22.774285759486823,2,0,5,brute_force,1
5.380186723414278,441,1682,9,0,14,6.349789718168989,2,0,9,admin_tool,0
14.164806158387934,4922,27205,57,0,3,1.02875828095568,4,1,18,normal_http,0
8.234983287019299,146,871,40,2,12,6.6685197008167325,3,0,12,admin_tool,0
0.06484860424054986,98,9,3,0,753,83.5191773094405,1,0,6,port_scan,1
0.10315274839402654,154,28,2,0,322,96.81084835243578,1,0,15,port_scan,1
0.47543708825527853,169,121,11,2,4,1.1771858188453506,4,0,0,misconfig,0
29.376673041048008,2009,65377,45,0,1,4.982399272690305,4,1,8,normal_http,0
0.3081783636212686,156,67,9,0,376,74.70032844616341,1,0,16,port_scan,1
0.1285277141153157,100,20,5,0,439,41.97630520383136,2,0,17,port_scan,1
180.24545208418195,1944,545,102,0,2,0.9316969443201515,1,0,21,c2_beacon,1
0.49413762341624,104,30,4,0,674,31.244237406268862,1,0,23,port_scan,1
278.59970559251155,608,1802,121,0,2,0.9320702218587099,1,0,12,c2_beacon,1
521.291456271347,348073,552,259,0,3,4.847876698237409,1,1,17,data_exfil,1
0.9097444742483486,596,138,34,38,1,14.564237481779838,2,0,1,brute_force,1
9.556540764125426,408,330,31,2,18,7.748378910920425,2,0,7,admin_tool,0
91.04134917285192,1480,1019,118,0,2,0.1858248291457032,2,1,14,c2_beacon,1
211.7008035909091,418894,167,815,0,4,8.277134807326513,1,1,11,data_exfil,1
20.832425493735883,4911,90941,91,0,1,3.025175955958285,4,1,18,normal_http,0
375.06071964998773,113248,858,645,0,1,3.2530624064324742,1,1,21,data_exfil,1
5.818335494386504,224,636,6,1,7,7.531792548180571,3,0,15,admin_tool,0
2.9357182518921663,89,138,3,2,9,2.296036171609892,3,0,5,misconfig,0
412.775979953028,358838,658,238,0,1,1.351057786865363,1,0,16,data_exfil,1
21.286308241674586,1787,43782,42,0,1,2.8610253800853003,4,1,15,normal_http,0
0.09734370878327436,182,69,7,0,186,96.02502023444734,1,0,19,port_scan,1
211.466949898981,194258,175,430,0,4,2.9539290652290133,1,1,21,data_exfil,1
0.17921755659999505,45,83,4,0,294,88.52297789983415,1,0,16,port_scan,1
20.161094400165393,4392,13150,79,0,2,1.5336604191296046,4,1,11,normal_http,0
17.539062726968613,4705,42420,68,0,4,3.301472282959012,3,0,16,normal_http,0
0.1251682352538743,178,67,3,0,434,66.43740807949568,2,0,2,port_scan,1
503.4852019821154,320012,655,285,0,4,8.669911520815067,1,1,5,data_exfil,1
15.751834569838291,3403,40267,63,0,2,4.3677633903120405,3,1,14,normal_http,0
1.1119199218480131,209,360,42,19,2,12.438070171265188,2,0,1,brute_force,1
0.43826833705252766,283,276,39,31,2,19.77153381654049,2,0,16,brute_force,1
0.3588407579722699,233,487,7,3,6,1.5241593246955878,3,0,17,misconfig,0
432.0748001354066,345276,399,1230,0,1,2.4956649964877426,1,1,1,data_exfil,1
0.4547293912527119,148,11,1,0,350,77.47433838549881,2,0,4,port_scan,1
6.265168174108821,1451,506,24,1,17,2.8284011989173905,2,0,9,admin_tool,0
168.16101072096922,1670,1590,185,0,2,0.8552319472636772,2,0,3,c2_beacon,1
16.22516224561201,252630,381,1185,0,4,4.1127297217774235,1,0,7,data_exfil,1
2.122539056469089,148,436,13,3,5,2.6291604048475077,4,0,5,misconfig,0
1.6307732906051011,355,306,25,29,2,29.707245567857555,1,0,4,brute_force,1
4.725652203058426,601,540,9,0,8,6.60991767636039,3,0,18,admin_tool,0
0.617383920386801,274,245,40,45,1,14.029214855118532,1,0,4,brute_force,1
1.2445375072971447,228,138,14,3,4,1.3237744118678507,3,1,6,misconfig,0
2.2541868359901276,1403,171,13,1,7,1.4550055226422196,2,0,11,admin_tool,0
0.18559383836711288,284,327,4,3,3,2.241237579620312,3,1,15,misconfig,0
8.697194482728184,345,371,23,0,14,3.7860450625267053,2,0,8,admin_tool,0
29.039100958508413,3542,5512,89,0,3,2.1316244566760467,4,1,13,normal_http,0
0.8383154275919941,342,363,18,1,5,5.94921818526019,2,0,13,admin_tool,0
0.6470234820738082,327,369,2,1,4,2.093454458113337,4,2,21,misconfig,0
182.43947251203514,1122,1024,53,0,2,0.7623261581967898,1,0,8,c2_beacon,1
3.6758859229471716,194,205,19,2,8,0.6413117773760306,4,2,15,misconfig,0
585.6051323024249,441770,263,1334,0,2,8.913920170263046,1,0,2,data_exfil,1
345.83181324636234,306427,683,1021,0,3,7.4621276031430135,1,0,3,data_exfil,1
0.36775602745204905,214,164,44,16,1,24.989384924526462,2,0,7,brute_force,1
0.6379364729849819,257,261,16,3,1,2.546845763923043,4,1,11,misconfig,0
9.414435202812165,196,1970,20,1,8,1.4263855881006897,2,0,10,admin_tool,0
0.3098508476152922,157,18,7,0,462,27.50055365164453,2,0,14,port_scan,1
157.34906574531956,109164,358,289,0,4,6.032963185916123,1,1,11,data_exfil,1
8.129218602208576,269,1813,8,2,19,4.238334903536106,2,0,16,admin_tool,0
0.35444228607955164,159,23,2,0,719,84.39911997446158,1,0,18,port_scan,1
499.59454618319813,317413,899,1072,0,4,6.970262806132133,1,0,20,data_exfil,1
100.15359724388085,1033,1191,160,0,2,0.20990036433185916,1,0,5,c2_beacon,1
525.3852159046767,156170,725,690,0,3,2.554810806215889,1,1,7,data_exfil,1
575.3014906846528,363732,497,1955,0,2,9.060001667864965,1,1,11,data_exfil,1
1.102530687275093,701,212,69,39,2,24.837838183457293,2,0,0,brute_force,1
13.475101344885083,4793,81720,39,0,1,0.9255035514847471,3,0,8,normal_http,0
0.07361495998634161,108,24,3,0,402,22.349132728191385,2,0,1,port_scan,1
6.15851406835823,3012,58175,75,0,4,1.2698868508572292,3,0,19,normal_http,0
459.51503768271556,361741,320,1778,0,1,9.880188504553217,1,1,9,data_exfil,1
393.56680181733606,389711,892,1527,0,1,2.094447334132514,1,1,17,data_exfil,1
0.7379528533647969,309,265,3,1,4,1.4723473035880987,3,0,7,misconfig,0
469.8254504977207,204062,207,321,0,1,3.174411487921867,1,1,8,data_exfil,1
494.6680391379526,310529,563,1904,0,2,5.835481063012343,1,0,3,data_exfil,1
288.4431801501933,626,1691,129,0,2,0.4624655362721477,1,1,21,c2_beacon,1
1.4159893092297127,510,218,45,19,2,18.937844808185403,1,0,7,brute_force,1
2.982708069964895,260,254,7,3,5,1.1832023335590738,4,1,5,misconfig,0
22.099800341913376,2218,43845,85,0,3,1.3289895468336168,4,0,11,normal_http,0
0.86366873585756,444,335,76,25,2,13.97711336351809,1,0,9,brute_force,1
17.083994245123204,3781,65471,79,0,1,1.4919704820167627,3,0,10,normal_http,0
22.478395776155608,142115,202,1192,0,3,6.073633913008595,1,1,12,data_exfil,1
176.27675194432848,467876,129,1948,0,1,1.1966204078758162,1,0,19,data_exfil,1
192.66685428993287,1631,1030,89,0,2,0.7064550084430041,1,0,11,c2_beacon,1
297.08879356859256,1031,720,172,0,2,0.38904593737235815,1,0,21,c2_beacon,1
1.4468072597293709,295,1601,38,2,14,1.0679024844612957,2,0,15,admin_tool,0
1.642449556213094,208,380,16,2,7,2.655373009238372,3,1,10,misconfig,0
85.14662490628521,1583,505,107,0,1,0.4786850815893332,2,1,14,c2_beacon,1
0.7449553658313315,450,106,30,29,2,20.047032275382197,2,0,21,brute_force,1
1.3293726441338711,85,360,13,3,5,2.8115093266094062,4,2,14,misconfig,0
295.29441196631774,387164,475,1227,0,2,3.6075518536439315,1,0,19,data_exfil,1
0.3208264724584901,76,41,1,0,150,59.88566396045673,1,0,8,port_scan,1
1.1715336748357892,472,330,41,35,2,10.634766900023527,1,0,12,brute_force,1
22.623221643094556,1238,39098,57,0,2,2.7206599913279494,4,1,9,normal_http,0
3.3562285853270692,602,1802,5,2,9,7.136186831845131,3,0,9,admin_tool,0
0.7056297555709328,360,115,64,11,1,18.162742712662926,2,0,22,brute_force,1
0.38353142569074994,158,27,1,0,153,30.521461353310233,2,0,21,port_scan,1
0.821641661641801,169,67,10,2,4,2.573207283412735,4,0,6,misconfig,0
0.04348371137434606,80,53,4,0,157,56.6417769334607,1,0,14,port_scan,1
0.9961794844130762,244,402,13,4,2,0.5712301045073016,4,0,16,misconfig,0
197.39151251602433,1001,1229,53,0,1,0.13776766609927088,2,0,2,c2_beacon,1
6.718901338396897,1935,1911,40,2,18,3.3958591495282233,2,0,14,admin_tool,0
3.6984798426392578,407,136,5,2,1,1.105883759698789,3,2,23,misconfig,0
10.66766730538032,344,8507,96,0,2,1.0845446204156486,3,1,9,normal_http,0
0.2434045093175384,182,92,8,0,602,43.65557392332833,2,0,6,port_scan,1
253.91484321395504,510,1825,145,0,2,0.22343363933746885,2,1,7,c2_beacon,1
1.5648701558110576,600,292,41,35,2,9.006324743875282,2,0,13,brute_force,1
0.11324543229492955,96,93,3,0,68,36.0520813923009,2,0,16,port_scan,1
198.1261760564453,582,1709,148,0,2,0.17104546265190002,1,1,0,c2_beacon,1
1.6975265979266823,1747,817,7,0,16,4.507837905777437,3,0,12,admin_tool,0
3.344710839987985,480,396,10,2,2,2.333800629631232,4,1,13,misconfig,0
17.23580602099984,2729,70506,89,0,3,2.54897937413871,3,1,11,normal_http,0
1.5271718485324124,936,873,27,1,16,2.0058412508321375,2,0,12,admin_tool,0
17.402502304693257,4716,2242,49,0,2,2.8667595960565673,4,0,8,normal_http,0
548.8055149047696,193029,383,1535,0,3,2.203260889594926,1,1,1,data_exfil,1
0.32783059448739127,348,398,11,3,1,1.587285740128244,3,2,20,misconfig,0
297.0248317821295,312739,807,1041,0,2,7.95850922572263,1,0,15,data_exfil,1
9.333655754755329,410,700,31,1,14,1.4145631377762524,3,0,13,admin_tool,0
151.96965851498982,1937,999,142,0,1,0.20363156055568105,2,0,18,c2_beacon,1
1.4911506990722185,467,336,76,16,2,28.117062810349115,2,0,20,brute_force,1
6.449325816248813,1273,115,31,0,12,3.6613649858262427,2,0,17,admin_tool,0
0.9928797371429261,772,1722,25,2,14,3.555585712990805,2,0,17,admin_tool,0
569.6269932332099,481723,277,1009,0,2,7.874708501801926,1,0,17,data_exfil,1
0.18056684065246117,165,11,5,0,533,63.87056289565231,2,0,14,port_scan,1
104.49912748274765,1619,1904,59,0,2,0.9487557076662744,1,0,23,c2_beacon,1
2.0230444779858767,401,1889,19,1,14,4.533176327662462,3,0,10,admin_tool,0
336.160776673826,320577,393,1119,0,3,1.7686272714644948,1,1,20,data_exfil,1
7.659828310141022,898,975,37,1,14,6.825338066152903,2,0,15,admin_tool,0
247.34020720779873,1548,1857,148,0,2,0.4020609456801205,2,0,10,c2_beacon,1
0.3703977471788934,185,62,4,0,162,67.8580235250991,1,0,14,port_scan,1
535.6745919675152,218606,342,1296,0,3,9.924619086651052,1,0,1,data_exfil,1
6.617794472512638,1035,97894,82,0,3,3.1986698603364507,4,0,14,normal_http,0
3.2776382279813006,299,369,18,4,1,2.2628227942039105,4,0,7,misconfig,0
1.201334875496303,310,348,42,25,1,16.80661075602619,2,0,7,brute_force,1
1.4243299078910092,445,275,58,38,2,25.8059454205273,1,0,17,brute_force,1
0.15372190034456243,144,302,16,2,3,0.9537881620517417,3,0,7,misconfig,0
3.2022234313168854,176,314,9,4,2,2.5256333103204636,3,0,12,misconfig,0
0.14823407575465525,675,387,69,16,1,16.975658898026584,1,0,22,brute_force,1
22.16778205928881,1292,93103,18,0,1,4.939562708506969,3,0,17,normal_http,0
21.62253269344329,1858,69916,65,0,3,2.5621399164427157,4,1,15,normal_http,0
5.632734346784382,4877,74508,40,0,2,4.067780203730872,3,1,11,normal_http,0
4.3669710814005285,338,453,17,4,9,2.4909936038372966,3,1,18,misconfig,0
5.152188302649623,1204,879,10,2,13,7.2450704180897265,2,0,12,admin_tool,0
3.7363347978065735,402,211,37,2,7,2.478840418567375,3,0,18,admin_tool,0
0.4542326980740836,458,361,24,14,2,29.32025786309785,1,0,8,brute_force,1
285.35241960100115,1582,1850,186,0,1,0.7345368157182335,1,1,23,c2_beacon,1
0.29821911080471136,43,92,3,0,777,28.330988633622994,2,0,22,port_scan,1
26.453675860211245,266,15908,69,0,3,0.9921015639926548,4,0,14,normal_http,0
1.9234622747856969,177,633,48,0,17,4.037546747419617,3,0,11,admin_tool,0
1.3836802649647362,306,191,9,2,3,2.123476993837814,4,1,0,misconfig,0
9.566508941168241,712,204,30,1,14,4.159357076078681,3,0,17,admin_tool,0
9.589739370613339,1131,1600,27,0,10,2.8926826471745946,2,0,17,admin_tool,0
293.3736126868999,405398,332,1557,0,3,2.0155886846525926,1,1,6,data_exfil,1
494.1213421701324,316294,877,1191,0,2,3.963075538072551,1,0,4,data_exfil,1
0.4468252076555183,184,60,6,0,779,92.59041317702776,1,0,9,port_scan,1
4.180960303798068,427,437,14,1,9,0.21704508673165201,3,2,11,misconfig,0
36.74234877160339,1621,1788,81,0,1,0.5191142875860516,1,1,7,c2_beacon,1
545.1214558785638,257302,743,475,0,2,7.155776169236272,1,1,12,data_exfil,1
551.3514878118434,229965,827,1079,0,3,5.027526007295573,1,1,17,data_exfil,1
0.45946772163290583,387,498,4,1,8,1.506538103748771,4,0,8,misconfig,0
4.404948338782552,706,1569,45,0,4,4.809260811593675,2,0,16,admin_tool,0
9.550321566934482,1594,562,30,1,15,1.5791455814356876,3,0,7,admin_tool,0
3.7482856600032246,3975,85216,92,0,1,4.981110655009633,4,1,8,normal_http,0
1.064377572355505,276,194,15,2,9,0.9524369145014144,3,2,1,misconfig,0
0.7381451285846866,585,294,42,21,2,21.731275972680947,2,0,8,brute_force,1
0.06023282239257248,104,62,9,0,612,49.54246161724328,1,0,23,port_scan,1
0.2752897276003167,88,12,2,0,414,80.9521450083896,1,0,22,port_scan,1
8.30498807172796,1808,830,20,2,3,6.2709033512742955,2,0,12,admin_tool,0
0.4504352202083212,154,96,6,0,300,20.015071964526552,1,0,1,port_scan,1
14.805644362380791,1379,61653,91,0,4,2.2899800818896785,3,0,11,normal_http,0
0.1541310115426103,228,112,5,2,4,0.328926448125716,3,0,5,misconfig,0
7.5374087380263886,1555,1391,27,2,3,2.431530370849571,2,0,12,admin_tool,0
289.753188068657,400218,719,225,0,1,1.3630046692460678,1,0,20,data_exfil,1
27.12204471107124,1493,36233,58,0,2,1.0023616822822772,4,1,17,normal_http,0
21.22551689987858,2093,2313,49,0,3,0.5098286428576195,4,1,15,normal_http,0
1.5237612067295312,473,223,5,2,3,0.6490755747622797,4,2,19,misconfig,0
1.866017851121263,188,127,17,2,5,1.3908628208432292,4,0,21,misconfig,0
2.5886816267032606,195,359,16,2,2,1.6258867014080502,3,2,21,misconfig,0
21.309053639736888,499274,996,316,0,4,9.585430772737679,1,0,14,data_exfil,1
0.6173206468753705,112,297,8,2,7,0.7600455315443142,3,0,23,misconfig,0
19.621196815740113,2851,76542,87,0,2,2.1298172125736823,4,0,14,normal_http,0
0.3142549980644313,189,16,5,0,669,57.70297339185316,1,0,2,port_scan,1
7.0509054815945,4835,2095,23,0,4,3.2168981472692586,3,1,17,normal_http,0
0.32094538459964883,94,8,8,0,259,32.63638582682784,2,0,5,port_scan,1
2.4611795813304522,117,228,6,3,9,1.5875559330526037,3,2,21,misconfig,0
6.8579423795066585,306,1441,31,0,15,5.578161543611323,2,0,16,admin_tool,0
0.42422673645338616,387,324,8,1,3,1.6402730902308564,3,1,22,misconfig,0
0.6186228122269983,740,236,22,34,2,26.966807579839912,1,0,14,brute_force,1
0.7810848842341179,240,127,26,18,2,17.887914831040476,1,0,15,brute_force,1
1.6380089300704483,406,449,16,1,3,1.3183069745219422,4,0,22,misconfig,0
0.6073537133219005,461,315,38,25,2,13.39628170961736,1,0,15,brute_force,1
168.90455848977143,825,1932,144,0,2,0.6996410753311346,1,1,7,c2_beacon,1
7.979766102050676,291,47412,93,0,1,0.5382301037324428,4,0,18,normal_http,0
0.09667470112048865,125,4,7,0,435,30.7042989023591,1,0,21,port_scan,1
2.221571414329364,471,1696,44,0,10,7.58794909395313,3,0,17,admin_tool,0
6.595919246534211,1957,1641,25,0,12,7.092771357579913,2,0,15,admin_tool,0
70.10847084233836,341829,952,1671,0,4,1.4388968693182638,1,1,13,data_exfil,1
243.68063263688342,767,721,85,0,2,0.37627505398811634,1,0,0,c2_beacon,1
0.3114575247331953,91,92,4,0,469,62.163317112932134,1,0,17,port_scan,1
310.6973059742188,273032,996,1294,0,2,5.386656727907268,1,1,15,data_exfil,1
446.3528945608282,189133,517,755,0,3,1.2731842497970383,1,1,4,data_exfil,1
1.4361175567329594,191,95,4,1,4,2.6316952210529174,4,1,16,misconfig,0
1.619724986299899,314,308,33,18,2,23.374608769539897,1,0,6,brute_force,1
328.12273691304347,430315,714,1096,0,1,7.766151286305307,1,1,2,data_exfil,1
4.993875168517453,422,282,16,4,5,2.697053681038286,4,0,13,misconfig,0
57.264088840795495,1063,1282,133,0,1,0.9867734490585569,1,1,7,c2_beacon,1
0.39869806171474464,46,79,3,0,926,92.4914603812613,2,0,10,port_scan,1
5.529639535142127,1569,727,46,0,14,7.7626991091203745,3,0,17,admin_tool,0
3.8364220490646983,338,351,7,2,7,1.86473547131264,3,2,3,misconfig,0
16.80156889485241,3599,1432,56,0,4,4.291088480760088,3,1,13,normal_http,0
215.50057065726975,943,1850,97,0,2,0.21090931814469238,1,1,7,c2_beacon,1
0.5142439042387643,477,334,65,13,2,19.565184010659088,1,0,1,brute_force,1
0.9820884207489532,62,191,9,1,2,1.9359056160959347,4,1,9,misconfig,0
55.62784294185082,1799,798,80,0,1,0.8259985477241348,2,0,12,c2_beacon,1
1.5532781969300438,525,120,42,25,1,9.568165941213605,1,0,3,brute_force,1
150.26057069856245,1187,520,103,0,2,0.31206056607248356,1,1,18,c2_beacon,1
289.32703903126264,287103,118,1997,0,4,8.826847163309541,1,0,4,data_exfil,1
1.760787477691429,374,217,12,1,5,0.7493056994263403,4,1,21,misconfig,0
26.926208739587377,2130,74173,44,0,4,4.765354552641473,4,0,9,normal_http,0
0.38290851722288366,56,67,9,0,655,41.51744252763088,2,0,18,port_scan,1
0.38219538095616956,160,10,2,0,992,72.13343349651407,1,0,20,port_scan,1
4.749980758328015,55,55,3,2,8,1.2207175162488824,3,1,5,misconfig,0
0.19468794072082227,103,36,4,0,98,54.81443194042854,2,0,4,port_scan,1
3.7566395681443687,4455,24123,13,0,2,4.444522208549229,3,0,8,normal_http,0
0.30837070424355395,489,227,3,4,6,0.24316246501430994,3,1,19,misconfig,0
1.5470772691245633,322,354,57,33,1,21.910728273058748,2,0,21,brute_force,1
1.7800568236843333,208,481,5,1,4,2.0388235780788455,4,2,22,misconfig,0
168.29797107280393,1071,1290,152,0,2,0.8233797124105864,1,0,13,c2_beacon,1
11.170583851770445,1192,39192,39,0,4,2.149480343206518,3,1,16,normal_http,0
1.417068487563094,342,205,74,49,1,10.732839268017305,1,0,5,brute_force,1
0.13044564526001498,132,66,4,0,314,32.304561971328624,1,0,1,port_scan,1
183.48552259714378,1362,772,134,0,2,0.9362302454905186,2,1,17,c2_beacon,1
315.62905585602664,122361,512,366,0,4,7.462613450807748,1,0,4,data_exfil,1
288.07985852199033,129553,222,1871,0,1,2.062054239574374,1,1,22,data_exfil,1
229.96906020148003,1096,949,183,0,2,0.5634400149219335,2,1,0,c2_beacon,1
255.85459246686904,1082,1375,164,0,1,0.6718729211757188,1,1,2,c2_beacon,1
1.8676639507705255,347,223,10,4,5,2.6158079278798936,3,2,8,misconfig,0
16.033589172358887,1912,59706,39,0,1,1.6374463697802384,3,0,11,normal_http,0
1.1892261637648178,107,472,19,2,4,2.1799377190442666,4,0,20,misconfig,0
94.26043963899174,391701,156,1828,0,3,4.644717286385696,1,0,12,data_exfil,1
0.14381860757868994,674,158,61,37,2,16.059960552461217,2,0,14,brute_force,1
9.632537752192526,1487,84038,50,0,2,1.5279163353878906,4,0,9,normal_http,0
21.459402906104092,4058,39165,18,0,1,1.0407166643102987,3,1,16,normal_http,0
0.1651093359812563,61,56,5,0,889,40.03743190339992,2,0,22,port_scan,1
0.225758475000491,149,18,9,0,573,79.17842656684326,1,0,15,port_scan,1
0.22359802667203107,587,188,79,23,2,16.479163055878153,2,0,20,brute_force,1
0.4200443317711673,202,184,45,17,2,26.637681950196633,2,0,20,brute_force,1
9.580765411050935,645,175,37,0,8,6.62982808064915,2,0,14,admin_tool,0
120.52534352113985,1832,1791,66,0,2,0.9027037929309063,1,0,13,c2_beacon,1
0.44473286062169115,358,170,75,45,2,18.638004227838344,1,0,21,brute_force,1
0.46273095918565743,360,355,22,27,1,16.683212269808386,2,0,2,brute_force,1
202.53868290702863,589,1617,62,0,1,0.6260498159777113,1,1,1,c2_beacon,1
1.5367103249009675,599,235,39,12,2,16.41557816536818,1,0,18,brute_force,1
83.89822634676268,59472,755,1644,0,3,8.827262963664705,1,0,12,data_exfil,1
2.0563378557498844,212,63363,36,0,3,4.523819713774571,3,1,11,normal_http,0
6.359760401567963,449,209,39,2,12,2.9079042417078034,2,0,18,admin_tool,0
0.4284375872838614,53,312,12,4,5,2.1072831412306137,4,1,6,misconfig,0
367.479120955895,80373,270,1798,0,3,8.05151352329118,1,0,12,data_exfil,1
9.931637792767138,315,1227,27,1,8,3.112842626250266,2,0,12,admin_tool,0
7.195560443255773,931,1620,38,1,10,4.6469397205455,3,0,10,admin_tool,0
4.383024891384442,493,459,10,4,8,0.7647727606820369,4,1,8,misconfig,0
111.8147268851481,615,759,124,0,2,0.7806284122801909,2,1,10,c2_beacon,1
28.627513128473193,1686,5019,13,0,2,4.871823605618626,3,0,13,normal_http,0
0.3332183895334237,155,91,9,0,729,98.79917249127001,2,0,16,port_scan,1
86.10152365965669,1312,1893,112,0,2,0.16546145300080156,2,0,22,c2_beacon,1
6.022982293443461,1811,1674,44,1,17,1.5589949720757956,3,0,14,admin_tool,0
0.30561298480032206,118,86,4,0,651,99.21671148700972,1,0,4,port_scan,1
231.19846374979588,521,1177,148,0,1,0.8145364472739682,2,0,16,c2_beacon,1
1.9096726266372106,318,204,6,4,9,1.267669791865818,4,1,2,misconfig,0
265.08588297350866,1425,899,63,0,2,0.6965166467887495,2,1,4,c2_beacon,1
24.938291448092272,2981,23694,72,0,3,1.2330619451482732,4,1,16,normal_http,0
23.46492597399751,2139,1132,32,0,1,4.794902511444833,3,1,13,normal_http,0
1.4635079932263961,201,176,23,35,1,19.494582891354604,1,0,11,brute_force,1
29.35775711155167,1499,75804,56,0,2,1.277407932264893,4,1,18,normal_http,0
10.931781356402821,3605,15026,80,0,1,3.1502121015314652,3,1,17,normal_http,0
24.365438981954902,2596,1442,74,0,4,3.4288987786436333,4,1,10,normal_http,0
0.5228951933849579,592,382,77,11,1,19.293175711232642,2,0,18,brute_force,1
1.3933403579540569,252,271,45,41,2,13.325215973253009,2,0,22,brute_force,1
1.6904500823357558,210,263,68,48,2,20.46090208653174,2,0,22,brute_force,1
183.76081072650854,1354,1150,159,0,2,0.4077147502949413,1,0,4,c2_beacon,1
544.6777764667318,165819,767,793,0,1,8.746010396099965,1,1,1,data_exfil,1
6.952846512580609,749,1297,32,0,13,5.626816744547731,3,0,17,admin_tool,0
0.35910580361486255,505,197,37,39,1,17.62444828452204,1,0,1,brute_force,1
5.646024828320419,1525,1272,12,1,12,3.3312746475437596,2,0,14,admin_tool,0
8.889634363410362,1122,1903,6,0,5,6.477584057440806,2,0,18,admin_tool,0
2.1379910113703087,329,460,8,1,3,2.3220027418018803,3,2,14,misconfig,0
3.0313650232742932,215,296,15,4,3,1.2518164593804022,4,0,22,misconfig,0
7.997815998845236,185,419,36,2,17,7.941159649649167,3,0,16,admin_tool,0
13.550245369537617,1219,45225,28,0,4,3.1555733266694395,3,0,13,normal_http,0
0.015736239258142992,51,34,1,0,360,66.17599093876407,2,0,4,port_scan,1
7.645471476447827,677,1094,23,0,7,2.3452091325011426,3,0,10,admin_tool,0
0.26294757534177965,328,285,2,1,1,0.5876393765035131,4,1,8,misconfig,0
6.606837774749513,568,74960,76,0,3,2.600074201238889,3,0,8,normal_http,0
6.084692999928938,4862,28197,99,0,4,4.797603138252509,4,0,14,normal_http,0
17.990028465309724,1485,73010,97,0,1,4.610501143140155,4,0,19,normal_http,0
4.995140190494086,1887,707,30,2,8,1.9123850649835032,3,0,14,admin_tool,0
2.2356178074763577,485,343,17,4,8,1.8603677685910276,3,2,23,misconfig,0
30.05036260607904,1006,1704,113,0,2,0.6834101219270614,2,1,22,c2_beacon,1
0.3493214850679204,185,35,3,0,478,42.03049394043348,1,0,5,port_scan,1
0.2572219980670817,441,350,64,14,1,17.04761256487812,2,0,0,brute_force,1
0.1315168749629267,710,246,39,41,1,11.836061438109812,1,0,7,brute_force,1
4.892433748853523,1823,1948,39,1,10,2.863108702358235,2,0,12,admin_tool,0
173.97787780535768,694,1177,110,0,1,0.5758519771885922,2,1,20,c2_beacon,1
4.43494364936627,50,239,13,1,6,2.3506423156616054,4,0,0,misconfig,0
0.9706804919338815,626,200,31,12,1,29.14619240412611,2,0,10,brute_force,1
299.1654890191259,1683,1997,138,0,2,0.4702371142713304,1,1,8,c2_beacon,1
0.33190802657089835,75,84,8,0,925,23.567592669836923,2,0,6,port_scan,1
171.3199399682174,1841,643,177,0,2,0.842690234133668,1,0,11,c2_beacon,1
71.55297426731889,780,1337,112,0,2,0.46694419359870276,2,1,17,c2_beacon,1
1.5351866796035396,589,153,61,13,2,8.68889243402229,2,0,11,brute_force,1
247.36115441559946,164919,993,542,0,1,7.471680584597306,1,0,7,data_exfil,1
14.02341838760729,1037,49506,71,0,3,4.66096374312011,3,0,15,normal_http,0
0.14721829147973983,122,50,3,0,475,75.9452300100963,2,0,19,port_scan,1
0.7136172985883673,319,374,47,35,1,12.055340835290142,2,0,22,brute_force,1
0.6626622554347105,198,416,13,3,5,1.9758383966781212,3,2,20,misconfig,0
0.26694941136104794,518,200,28,26,1,21.104052293372575,2,0,5,brute_force,1
0.48605101854151483,132,98,8,0,191,68.86240568606146,1,0,19,port_scan,1
23.98808461263196,1064,13055,23,0,4,1.6085671125903584,4,1,14,normal_http,0
0.5306471642312772,624,295,32,11,2,25.607843172091954,1,0,20,brute_force,1
0.7510416274297391,493,250,64,25,2,12.440775946704864,1,0,7,brute_force,1
3.801160754569464,479,118,7,3,8,0.8393263424612691,3,1,20,misconfig,0
24.063347622382842,1432,95488,68,0,4,4.23242991695291,3,0,10,normal_http,0
554.3362166854351,71584,429,1065,0,2,2.728210322227101,1,0,10,data_exfil,1
4.406897785549257,221,284,36,1,5,6.914652640908229,3,0,10,admin_tool,0
1.3448304661727266,1404,831,15,0,4,5.0220215243111195,3,0,8,admin_tool,0
4.872753002363113,216,217,4,3,8,1.3870773024971332,3,2,18,misconfig,0
191.93825504203446,885,1233,187,0,2,0.7711780411685134,2,0,1,c2_beacon,1
0.9051026819326493,401,245,38,45,2,17.93888893221904,2,0,4,brute_force,1
256.13332520053507,647,793,158,0,1,0.17350054827408662,1,1,20,c2_beacon,1
6.520792768085712,458,348,31,1,19,1.903257514673057,2,0,9,admin_tool,0
241.60932779031384,1007,1827,84,0,2,0.11294330146487652,2,1,17,c2_beacon,1
3.603509647598673,195,174,14,1,9,2.0638864614420154,4,2,5,misconfig,0
180.2085619594114,1231,1713,181,0,1,0.2980798091842479,2,0,1,c2_beacon,1
29.44985518433721,4815,84071,65,0,2,1.3255604814148927,4,1,19,normal_http,0
14.235989751660306,4272,13041,69,0,2,3.903602246346354,3,0,13,normal_http,0
13.781893359798216,1019,21202,99,0,2,3.9334682133036236,3,1,18,normal_http,0
1.391705081810467,478,316,54,39,1,19.755204417672395,2,0,15,brute_force,1
7.0166137037074385,3357,77095,26,0,2,4.410945809261278,4,0,17,normal_http,0
1.2930107400327249,438,155,49,26,2,27.10262435478291,2,0,16,brute_force,1
142.03931774151374,1801,1508,123,0,2,0.3362235266091381,2,0,17,c2_beacon,1
0.09075925970742418,68,84,4,0,332,97.21037937015973,1,0,18,port_scan,1
28.16317783295575,4691,16916,26,0,4,2.6728464424232605,3,0,16,normal_http,0
0.18383793299963228,41,62,9,0,251,48.9535992670292,1,0,12,port_scan,1
16.561617768649455,3614,20510,70,0,1,4.121747677834124,4,1,11,normal_http,0
22.856734950746723,1759,51893,73,0,4,1.0389198489448874,4,1,18,normal_http,0
42.43012103549502,267364,326,944,0,4,2.3906874699146705,1,0,12,data_exfil,1
6.425657151507711,1588,1873,11,0,10,5.463648323040134,3,0,14,admin_tool,0
1.0938243070613267,331,188,64,34,2,25.965187668374696,1,0,7,brute_force,1
1.747437405302197,724,135,64,29,1,9.56070017399841,2,0,15,brute_force,1
1.8382072120293902,376,384,62,31,2,8.28807804494334,1,0,16,brute_force,1
1.0739688898910298,492,140,73,23,2,20.74712778555702,2,0,1,brute_force,1
0.4290835528290289,556,122,77,19,2,21.972060319088165,2,0,19,brute_force,1
293.5704832467826,1451,1443,137,0,2,0.8223762811176367,1,0,19,c2_beacon,1
1.5765791402621299,381,266,46,19,2,15.265555638420167,2,0,2,brute_force,1
4.30788117003537,492,246,11,2,2,2.5882771182864968,4,0,18,misconfig,0
2.868305825043808,1645,216,28,1,17,7.614631945750531,3,0,13,admin_tool,0
0.9214361219809436,220,183,25,28,1,17.730572772380025,1,0,0,brute_force,1
0.9286404053571017,699,379,36,19,2,18.7234863614893,2,0,22,brute_force,1
274.9322786182774,372870,846,348,0,2,7.036885228987321,1,1,5,data_exfil,1
308.9446166038616,239167,537,1977,0,1,8.246051661845598,1,1,17,data_exfil,1
0.5823882716822781,642,354,27,46,1,27.524130615297064,2,0,14,brute_force,1
1.11525792255598,636,122,56,46,2,26.692242594903053,1,0,20,brute_force,1
0.246018842274958,430,338,18,1,8,0.46535849645765476,3,1,3,misconfig,0
2.4509977545548605,1117,107,49,0,13,7.803471854916347,3,0,7,admin_tool,0
36.740879972415435,1582,1566,61,0,2,0.8225298413420504,2,1,2,c2_beacon,1
3.1548468551011495,311,403,9,2,7,1.3039230593880866,4,1,8,misconfig,0
248.0767955397246,255728,800,216,0,3,3.1450348956519725,1,0,23,data_exfil,1
1.8627293380709047,772,277,37,26,2,27.743595257016484,1,0,5,brute_force,1
1.293105100268008,357,315,61,39,2,25.730358802587666,2,0,6,brute_force,1
0.1484230723266976,86,70,8,0,694,53.55583951658509,2,0,22,port_scan,1
1.9123893551137299,211,977,10,1,16,1.4865614001401037,3,0,10,admin_tool,0
311.5453546687148,407521,979,1250,0,4,8.770884200104462,1,0,16,data_exfil,1
17.14773244807092,3144,85739,48,0,2,4.476800249741241,3,0,15,normal_http,0
1.2278256617526926,779,166,60,27,1,20.85238866371172,2,0,1,brute_force,1
1.299039041233327,369,459,13,1,7,0.9982785982723834,3,2,17,misconfig,0
230.4189025014757,1962,656,159,0,1,0.7516262698956291,1,0,0,c2_beacon,1
10.916100313667071,1620,32996,30,0,1,2.2638548312350837,3,1,8,normal_http,0
1.9526276095957709,703,161,76,11,1,19.77080810498803,2,0,18,brute_force,1
0.13717547375628428,128,17,3,0,360,37.11656309505895,2,0,5,port_scan,1
1.2782519358229198,207,221,47,45,2,16.54190444777719,2,0,17,brute_force,1
3.2356603685075713,153,371,18,2,5,0.2534734356889724,4,1,18,misconfig,0
20.412177286426207,1348,23394,16,0,3,3.2965899019555307,3,0,8,normal_http,0
187.9362532253954,351111,646,1335,0,2,1.837156683364075,1,0,22,data_exfil,1
4.398059011818852,408,417,10,1,9,0.932180130437334,4,1,9,misconfig,0
2.349879738841966,382,359,7,1,9,1.3889672474128143,3,1,4,misconfig,0
6.977413804312158,1706,821,45,2,6,1.8631406372499733,3,0,10,admin_tool,0
126.0460364145656,292878,781,1939,0,4,6.2786060293370385,1,1,14,data_exfil,1
447.7772807644417,191774,336,1249,0,1,2.7837674777950134,1,1,6,data_exfil,1
0.317030330435673,70,79,2,0,529,94.34059184057834,2,0,10,port_scan,1
0.6216264826002382,462,184,37,12,2,17.420391528363524,1,0,8,brute_force,1
6.815600416737307,1877,1066,25,0,7,6.0378620002258625,2,0,17,admin_tool,0
0.41431477600506483,73,7,6,0,249,38.15717554922913,1,0,22,port_scan,1
23.542642908383606,1772,32533,44,0,4,1.2297682721173462,3,1,16,normal_http,0
1.472279879946826,329,194,70,45,2,23.755939644124947,1,0,4,brute_force,1
3.456339223454972,1847,1409,49,1,19,1.9853932043984934,2,0,16,admin_tool,0
117.23691944991107,1098,1613,183,0,2,0.6430007765908313,2,1,18,c2_beacon,1
0.6788903642862775,272,262,21,36,2,12.919517558918848,2,0,19,brute_force,1
9.772670567303091,1829,271,13,2,6,7.941896227129938,3,0,16,admin_tool,0
2.4571505246339598,248,421,4,2,9,1.4059749287555343,3,0,13,misconfig,0
0.9788159606529809,564,253,33,16,1,27.694550429118387,2,0,10,brute_force,1
1.4146008756161172,360,167,52,23,1,11.934099602869233,2,0,7,brute_force,1
5.018722793786712,161,399,23,2,10,4.854293085896005,2,0,8,admin_tool,0
1.8796270608451613,457,492,8,2,4,1.1643985294081272,4,1,5,misconfig,0
0.026076715823018133,107,14,3,0,470,56.800191646463915,1,0,23,port_scan,1
79.2636709761723,1164,1536,171,0,1,0.6688172875801928,1,1,2,c2_beacon,1
0.9539655246566674,81,136,8,1,5,1.4061312434128581,4,1,11,misconfig,0
6.799904379298314,1666,597,46,1,6,6.149498620079557,3,0,16,admin_tool,0
0.8116262258099887,470,206,27,30,1,17.808320562779006,1,0,10,brute_force,1
4.281520986449908,649,1075,19,1,14,1.808625300748875,3,0,17,admin_tool,0
10.677422019693267,2956,7853,39,0,3,0.5576974227977263,4,1,16,normal_http,0
21.004887094031485,2061,47910,84,0,4,1.7383559529806405,4,0,14,normal_http,0
25.378346699754633,4790,94608,16,0,2,1.9093192281663582,3,1,16,normal_http,0
1.2744436568700022,547,194,27,48,2,18.959634106209645,2,0,21,brute_force,1
22.327661222873402,3737,31346,26,0,2,0.9587864731112485,3,1,11,normal_http,0
183.06105498737472,1640,770,51,0,2,0.12169917406780015,2,1,17,c2_beacon,1
4.807626536972625,496,156,7,4,1,2.483546311289959,3,2,23,misconfig,0
3.7457487246390566,3261,72997,32,0,2,3.2027298313423214,4,0,10,normal_http,0
363.63006579447193,444768,172,1237,0,1,2.034157090257193,1,1,17,data_exfil,1
1.8556671262459539,146,192,19,2,3,2.9161807036564595,3,0,23,misconfig,0
2.834617482799569,4662,17375,47,0,3,4.21904143604741,4,1,19,normal_http,0
5.815960998580797,873,343,30,1,9,1.0351785235571835,3,0,11,admin_tool,0
3.24719341163621,1707,168,11,2,18,3.6677035952826986,2,0,14,admin_tool,0
0.14532308333224075,77,80,7,0,137,87.1470793884802,1,0,5,port_scan,1
3.0699370392795684,211,361,18,4,9,2.084169908003534,4,2,17,misconfig,0
13.570447292260587,4470,85730,30,0,1,1.1891066027198174,4,0,14,normal_http,0
1.6964360899512556,1615,1991,44,2,17,6.210577430127935,3,0,11,admin_tool,0
0.3181899670044867,289,241,57,46,2,11.395979736032452,2,0,12,brute_force,1
211.5452494556502,1842,1964,141,0,1,0.39803184024773486,2,0,8,c2_beacon,1
24.23397359556442,4750,88945,66,0,2,1.3886311265855735,4,0,9,normal_http,0
569.134844467925,143246,732,425,0,1,6.337505709706219,1,0,8,data_exfil,1
0.7743198618791691,583,151,38,25,1,10.017491239686585,2,0,19,brute_force,1
442.56462310071174,308470,565,1596,0,2,5.843980916816277,1,0,6,data_exfil,1
5.342370130233869,1673,1822,5,2,14,3.451906594685293,2,0,17,admin_tool,0
1.6461559478072143,211,232,53,46,1,19.739256027991324,1,0,10,brute_force,1
1.3609752141890314,605,168,75,42,2,8.686028971348263,2,0,18,brute_force,1
17.677042153477032,2461,77349,81,0,1,2.973580761454602,4,1,11,normal_http,0
0.45104075967807555,164,36,5,0,84,91.0722937846945,2,0,17,port_scan,1
3.433463754349567,1968,472,44,1,19,3.4661164806373197,2,0,8,admin_tool,0
1.3888741622915703,3806,15915,23,0,3,1.4965290111796026,3,0,11,normal_http,0
2.9022246825039395,423,63,4,4,7,1.1952875852755882,3,2,17,misconfig,0
5.188542887209898,1401,628,11,2,6,2.854063804695,3,0,17,admin_tool,0
5.027929524831975,1282,1617,13,1,19,3.579623604868666,3,0,15,admin_tool,0
26.74671156973875,2790,73908,44,0,4,2.227060651580813,4,0,12,normal_http,0
1.7046143124884876,537,152,43,35,1,14.180559213122377,2,0,12,brute_force,1
0.41510591633286104,63,23,4,0,884,61.25275246851628,1,0,22,port_scan,1
52.0252299150688,1050,786,59,0,2,0.7434095806821823,2,1,23,c2_beacon,1
0.10397340324001168,128,1,2,0,302,69.55982011260701,1,0,8,port_scan,1
467.7675801371189,462289,313,1824,0,3,6.795171613609883,1,0,7,data_exfil,1
0.4373036858390338,177,41,5,0,253,84.3549766143604,2,0,2,port_scan,1
365.3312184025818,304265,425,764,0,2,1.63712292410057,1,1,22,data_exfil,1
418.14880709376956,476221,158,1322,0,2,7.1801075055171655,1,0,18,data_exfil,1
2.3339880914083575,162,478,19,4,6,0.3081264957143025,4,1,13,misconfig,0
5.776814661346447,3998,65373,58,0,1,3.584482350670811,4,1,9,normal_http,0
0.071311375999456,165,56,1,0,467,84.56567230933624,1,0,8,port_scan,1
28.265215207148,2615,24555,15,0,2,3.8600193415398665,4,0,15,normal_http,0
3.734137966433959,253,302,15,2,3,1.702560932045051,4,1,7,misconfig,0
9.255945084783878,3458,97798,37,0,4,1.1427084971909718,4,0,17,normal_http,0
180.76745713771294,96531,228,1314,0,4,6.530495142296733,1,1,11,data_exfil,1
82.34302834296102,1129,760,136,0,1,0.41030327806538236,2,0,21,c2_beacon,1
224.05389058079464,1628,1962,119,0,2,0.3094555140239966,1,1,9,c2_beacon,1
1.2959109101103339,465,354,5,4,4,2.312520130006264,3,2,8,misconfig,0
281.5941398792314,301842,614,413,0,2,9.579764508241354,1,0,11,data_exfil,1
176.94948099411772,1524,1045,128,0,2,0.5748072840994779,1,1,17,c2_beacon,1
48.846176745949805,1417,1332,113,0,1,0.639371904525494,1,1,11,c2_beacon,1
4.694834079167441,2081,38251,23,0,2,3.401405269655418,4,1,10,normal_http,0
147.19408754185832,584,564,183,0,1,0.372546900080868,1,0,10,c2_beacon,1
5.603108555238274,573,1779,14,0,4,4.036065919819947,3,0,9,admin_tool,0
6.6579871857612805,1400,370,18,1,14,4.941090602201641,3,0,10,admin_tool,0
9.985566385845118,3203,95792,61,0,4,3.601756945516267,3,0,19,normal_http,0
7.062685734645118,544,57747,26,0,2,2.614119446519067,3,1,19,normal_http,0
0.20011351237396605,90,49,6,0,876,31.76494804532707,1,0,9,port_scan,1
138.39468035404167,1319,1172,50,0,2,0.45256820550605037,2,1,16,c2_beacon,1
5.556947502109151,866,181,21,0,13,2.700779209181994,2,0,8,admin_tool,0
0.3058597719452,121,17,2,0,373,50.707110643598355,1,0,3,port_scan,1
581.2432161091142,158612,492,1308,0,3,2.6460374776180178,1,0,16,data_exfil,1
100.35525504953415,432650,657,1098,0,3,7.581255304126376,1,1,3,data_exfil,1
281.3225002473308,1361,1913,130,0,1,0.8610881700496081,1,1,15,c2_beacon,1
26.869706946081127,621,4650,71,0,1,1.6974858027618462,3,1,13,normal_http,0
211.58799855288794,347651,440,1060,0,4,5.490711497987137,1,1,19,data_exfil,1
9.525656975097359,1642,177,5,1,5,2.122163276608982,2,0,17,admin_tool,0
7.695320884144761,1673,1718,31,0,10,1.9079438059301883,2,0,17,admin_tool,0
1.2040331183536883,1241,504,44,0,18,7.862900521629648,2,0,11,admin_tool,0
9.457670758221687,1875,1441,14,0,6,5.505754651700151,3,0,18,admin_tool,0
4.60717204884732,541,1768,45,2,19,6.811280766323857,2,0,12,admin_tool,0
11.962723533597659,3712,92916,56,0,3,2.767499585560731,3,1,8,normal_http,0
4.024940391669788,234,265,5,4,2,0.6838110252708969,4,1,6,misconfig,0
1.048031662130404,315,62,16,3,2,0.3414566346825371,4,0,2,misconfig,0
10.927688391368731,3348,86279,56,0,2,4.884372333997148,4,1,11,normal_http,0
264.88622976891395,161915,181,286,0,1,1.9289498399109966,1,1,2,data_exfil,1
1.692824538951162,304,198,20,30,2,9.657899327754171,2,0,16,brute_force,1
2.2725515626935646,439,85500,22,0,1,1.653315689161479,4,0,13,normal_http,0
434.3483072360466,333816,792,565,0,2,8.604737682760913,1,1,6,data_exfil,1
20.960496954390393,207,28167,93,0,4,4.019008215172736,3,0,10,normal_http,0
51.76615939579247,803,1441,88,0,1,0.8455948038450918,2,1,10,c2_beacon,1
9.489512683529279,1269,1045,34,1,4,2.7392796709171945,2,0,16,admin_tool,0
0.2352584320744351,617,214,60,16,2,23.243587891222667,2,0,12,brute_force,1
1.4695448829899627,295,187,33,41,2,25.750703277176893,2,0,3,brute_force,1
12.715312215789423,1623,30902,99,0,3,3.5469220315263996,4,0,15,normal_http,0
579.6146944143666,234100,619,1011,0,2,8.155992542740522,1,1,4,data_exfil,1
2.3931282939093155,136,268,8,4,7,0.4935033946341435,4,0,17,misconfig,0
130.8334213431636,154824,754,877,0,3,1.574151006282381,1,0,21,data_exfil,1
11.29052597948909,586,26825,33,0,1,3.382174819139955,3,1,12,normal_http,0
123.21208749089256,1137,734,171,0,2,0.6711753308386424,1,1,1,c2_beacon,1
4.192703183916212,252,310,19,4,2,0.8360174487434495,3,0,0,misconfig,0
0.4757602157672397,130,54,9,0,818,41.51671566611768,2,0,5,port_scan,1
0.47846310036984724,87,72,8,0,165,20.253427886456137,1,0,16,port_scan,1
26.770621301259002,2555,77508,18,0,1,4.700359071605547,3,0,12,normal_http,0
135.47192904169228,455377,309,325,0,4,6.3342645997859,1,1,4,data_exfil,1
289.84211227237387,270326,963,1953,0,1,4.599847164642117,1,0,23,data_exfil,1
4.79331468668497,276,200,13,4,8,2.0534588421437014,4,0,12,misconfig,0
0.371563642568957,110,2,2,0,394,79.21290950091705,2,0,23,port_scan,1
3.523422474154498,1247,904,38,0,8,5.465513427057658,2,0,14,admin_tool,0
3.986099402261455,1692,1718,37,0,15,1.6307954305390118,3,0,17,admin_tool,0
2.376119675694307,1456,496,44,2,8,2.469052740953848,3,0,18,admin_tool,0
211.57696092188527,1849,507,78,0,2,0.2198889317229658,1,1,2,c2_beacon,1
1.445889655758566,562,144,44,45,1,23.37779623687093,2,0,6,brute_force,1
20.963637430571346,4396,12319,85,0,4,1.9710196837502294,3,1,19,normal_http,0
0.728425578873976,501,280,50,44,2,26.766208020281923,1,0,20,brute_force,1
261.96017456466745,875,1152,61,0,1,0.3151597456675267,2,0,19,c2_beacon,1
0.17765037090630986,204,191,61,31,1,20.071736802562988,1,0,8,brute_force,1
2.802302447221551,361,98,2,1,4,2.883845570007296,4,0,18,misconfig,0
19.872861304560153,3117,27016,42,0,1,2.012721159850339,3,1,16,normal_http,0
189.41583522305746,494854,934,426,0,4,5.016937239879051,1,1,4,data_exfil,1
5.987783648836804,1803,1118,33,2,7,4.493253210328569,3,0,13,admin_tool,0
3.7726803831587583,360,479,12,4,1,0.8336520012234567,3,1,21,misconfig,0
14.037917234687606,3888,29549,43,0,3,2.59342444904752,3,0,8,normal_http,0
18.916582643089306,4707,44988,73,0,3,4.202421093645494,3,1,13,normal_http,0
3.018835115533265,252,282,18,4,7,1.1198253521460169,4,0,0,misconfig,0
3.1220165948170244,429,337,7,2,5,2.438012016531801,3,0,12,misconfig,0
0.45775633749789707,135,4,4,0,671,48.353995903444385,2,0,6,port_scan,1
0.06516439130184913,100,35,8,0,514,39.35150626070712,2,0,0,port_scan,1
23.053473582005935,4417,20116,35,0,2,3.6769568133289705,3,1,19,normal_http,0
0.834797157971021,537,228,30,37,1,10.496417467292959,1,0,9,brute_force,1
23.606418772894056,907,65595,12,0,3,4.75553091672862,4,1,11,normal_http,0
9.178354184896792,1455,838,21,0,12,5.392543079412364,3,0,15,admin_tool,0
4.27204961202246,309,157,19,3,4,2.282050338259433,3,1,3,misconfig,0
212.5928958489978,291535,427,410,0,3,9.5094537450355,1,1,18,data_exfil,1
1.0421638966496645,653,136,79,22,2,9.674878908786605,1,0,17,brute_force,1
6.824296634942835,1787,1787,15,0,10,6.6448197347260205,3,0,10,admin_tool,0
15.967909335560435,251,43321,52,0,4,1.8448843495409046,3,1,17,normal_http,0
9.657889853482754,3788,75489,44,0,3,3.872823868205513,3,0,10,normal_http,0
6.090118785956036,508,1951,19,2,16,3.9128298110230193,3,0,7,admin_tool,0
134.9114795673028,372046,557,1770,0,4,5.505575791005379,1,1,7,data_exfil,1
0.401862194342782,78,59,1,0,743,88.78590683130207,2,0,23,port_scan,1
283.2876674222631,100713,751,1322,0,2,5.88646400040395,1,0,15,data_exfil,1
13.35754875820208,4572,90152,24,0,4,1.7348527445016881,4,1,14,normal_http,0
24.223277951377213,1878,18127,88,0,1,4.235912979555929,4,0,16,normal_http,0
42.217281035099724,1887,1826,140,0,2,0.19526791229011797,1,1,7,c2_beacon,1
291.15061779102,425572,627,691,0,3,8.685485939276676,1,1,15,data_exfil,1
42.984923811249566,1565,910,60,0,2,0.5708917494737874,1,1,5,c2_beacon,1
0.6933163934927123,618,259,30,19,1,16.599931909921324,1,0,1,brute_force,1
148.97951852455924,1264,1420,87,0,2,0.9844655868193474,2,1,16,c2_beacon,1
4.201338199435274,357,191,9,2,8,1.2173722537015643,4,2,4,misconfig,0
5.299651539115903,660,1545,12,2,4,7.23578727501988,3,0,13,admin_tool,0
10.118589068530756,4763,1865,47,0,2,4.390436037119376,3,0,10,normal_http,0
5.2229612508872805,653,887,37,0,14,1.8829505040703562,3,0,11,admin_tool,0
8.437865586426732,1169,1631,15,1,10,4.958902382584709,2,0,13,admin_tool,0
7.05153954819365,686,203,42,1,18,4.293505033627776,3,0,7,admin_tool,0
586.6885286803672,190319,388,1861,0,3,1.9013949775609023,1,1,2,data_exfil,1
17.51498925596116,4185,84551,65,0,1,0.8265865912011985,3,0,19,normal_http,0
3.258490683647432,4927,38276,17,0,4,2.7636968640065964,3,0,9,normal_http,0
0.44434282571475425,746,100,59,31,2,26.520233088681984,2,0,10,brute_force,1
4.201745511737096,624,998,36,2,16,3.9899277173387384,2,0,17,admin_tool,0
220.10248325676156,512,1107,143,0,2,0.2536375269812322,1,1,20,c2_beacon,1
4.190513912698764,1269,16863,27,0,3,0.5418963084305916,3,0,19,normal_http,0
15.060903451767004,4161,13612,67,0,4,1.0547776735358576,4,0,17,normal_http,0
387.07362972687673,134146,138,971,0,2,3.3719633154710005,1,1,19,data_exfil,1
442.0093317242111,386399,890,1870,0,2,2.6009565286104968,1,1,4,data_exfil,1
25.70710835311941,4738,62245,68,0,1,3.948580762508256,3,1,17,normal_http,0
6.041662644890916,1085,113,43,0,8,1.0260376257264143,2,0,8,admin_tool,0
4.665946043001936,308,322,19,2,7,2.7624937441224735,4,2,12,misconfig,0
8.595403604100111,1705,1140,24,0,7,5.056754584049868,3,0,14,admin_tool,0
60.308321550889666,457332,577,1978,0,3,3.6688383065823578,1,0,9,data_exfil,1
2.6677845823511763,99,224,15,4,9,0.5701922638968391,3,1,16,misconfig,0
378.8775137685485,126050,310,703,0,3,6.131634685792245,1,1,9,data_exfil,1
251.4683961151202,1133,1651,162,0,1,0.5122257549254817,2,0,1,c2_beacon,1
114.29122887366493,1093,1385,133,0,2,0.672461578317003,2,0,18,c2_beacon,1
0.4490599918320373,140,24,3,0,255,30.028518063390848,2,0,14,port_scan,1
0.12930420451838495,121,98,9,0,782,51.55810228560283,2,0,9,port_scan,1
0.605282057432054,240,327,46,26,1,14.80960755829921,2,0,12,brute_force,1
3.967740388368819,708,105,45,2,17,1.9185083805218055,2,0,9,admin_tool,0
0.4874423969528362,126,9,9,0,154,38.29555275202918,1,0,16,port_scan,1
0.4743671327225907,73,44,3,0,172,89.5155401823316,2,0,7,port_scan,1
1.6554908989496995,525,173,60,41,2,15.521187652851093,2,0,14,brute_force,1
23.747764302643603,3003,59453,40,0,3,1.634647801275246,3,1,12,normal_http,0
2.526340802008665,99,477,15,3,2,1.8657648585728401,4,2,11,misconfig,0
6.558177084898324,463,159,38,1,18,3.9861433073807535,3,0,9,admin_tool,0
7.8000001756138,1452,711,35,0,19,4.292268335560445,2,0,8,admin_tool,0
118.60846035535523,1101,1156,130,0,2,0.5339188890278577,2,0,13,c2_beacon,1
0.8402743638164866,596,286,38,45,2,29.087912931430363,1,0,11,brute_force,1
13.73220317581329,794,57344,66,0,4,4.602374103808866,3,0,19,normal_http,0
221.61020418561088,446343,719,672,0,4,1.8233876654871284,1,1,13,data_exfil,1
3.69357071650601,1683,1371,21,2,6,1.5585238654380027,2,0,10,admin_tool,0
2.0665461211871876,374,133,10,4,7,0.2104862651915975,4,2,7,misconfig,0
0.4408416433989407,51,46,2,0,198,80.40335429970227,1,0,7,port_scan,1
1.1961173807900825,680,246,23,44,2,22.200390509957693,1,0,11,brute_force,1
3.3776105175312274,273,462,7,1,1,0.6460609503054205,4,0,20,misconfig,0
129.9066215185603,1738,928,72,0,2,0.6260888019335124,1,0,21,c2_beacon,1
2.394266220831049,215,350,11,4,3,2.970781463065859,3,2,20,misconfig,0
4.857250615177518,790,1699,8,2,18,1.6761207774617257,2,0,11,admin_tool,0
19.392957685051176,454145,688,899,0,3,9.12581221088935,1,0,3,data_exfil,1
4.930739364923615,316,295,29,1,5,6.1716353505508055,3,0,10,admin_tool,0
220.5019321454166,1655,1783,174,0,2,0.1657032336096646,1,1,0,c2_beacon,1
1.0478874915575764,285,191,39,42,2,25.067704187445035,2,0,0,brute_force,1
71.74965980442387,445065,694,1800,0,1,2.2724519879470617,1,1,23,data_exfil,1
0.33389698458118694,98,30,2,0,816,61.40770410524176,1,0,10,port_scan,1
286.6438616576904,654,1946,186,0,2,0.17751892515731232,1,0,0,c2_beacon,1
50.7317927777112,360272,672,469,0,4,6.720807897573519,1,0,9,data_exfil,1
2.188534145497345,481,453,6,4,6,1.7260235640270334,4,2,2,misconfig,0
8.917702687407488,1255,564,12,1,4,4.522465917260801,2,0,14,admin_tool,0
256.4905427140986,946,1891,110,0,1,0.2277948334168762,2,1,19,c2_beacon,1
0.10115127000277616,180,99,2,0,577,49.692929182859345,2,0,10,port_scan,1
28.222859757358027,4405,58888,70,0,2,1.865767591165785,3,0,8,normal_http,0
232.54905165000682,403699,200,1162,0,1,8.825803046334817,1,1,10,data_exfil,1
9.263138304535815,1644,485,34,1,16,7.113689150597333,2,0,7,admin_tool,0
36.40109348401997,904,1737,184,0,1,0.3380642235899544,2,1,1,c2_beacon,1
1.9956159702553022,640,196,56,36,1,11.148815682066331,2,0,21,brute_force,1
0.07094051551025,177,34,9,0,436,52.34317978038953,1,0,11,port_scan,1
2.5625781862680483,286,142,6,4,5,0.39138480158158545,3,2,12,misconfig,0
94.40655210680741,473041,716,738,0,3,1.4456136673206417,1,0,20,data_exfil,1
180.40093858425948,1257,635,73,0,1,0.7583377237328043,1,0,12,c2_beacon,1
4.952165632027859,258,123,4,3,4,2.375127834455208,4,0,0,misconfig,0
0.44212781746366725,480,294,51,12,1,22.6862702474626,2,0,18,brute_force,1
311.1714774944004,64390,535,883,0,1,8.827131910092966,1,1,22,data_exfil,1
7.054012031476927,1569,1626,42,2,18,5.518580398350895,2,0,9,admin_tool,0
2.721861373918152,273,338,17,2,6,1.771108304551522,3,2,11,misconfig,0
272.8172285432298,300463,758,201,0,2,2.7484621390162127,1,0,4,data_exfil,1
0.27242136929103955,60,60,4,0,905,83.14342786557485,1,0,13,port_scan,1
28.271513984420782,2283,47146,10,0,2,4.385711527082682,3,1,8,normal_http,0
13.278215722956395,918,57151,30,0,3,4.086263768070406,3,1,12,normal_http,0
0.11049202253484457,338,180,27,44,1,24.967947627090805,1,0,9,brute_force,1
0.06533650491614554,163,15,6,0,237,31.615721030772825,2,0,12,port_scan,1
0.14617202765194523,103,97,9,0,59,79.38784404580073,2,0,6,port_scan,1
22.447334195226773,3473,7256,22,0,1,1.7914405976219447,3,0,16,normal_http,0
13.253642026491791,2048,16831,76,0,2,2.3125349032092273,3,0,16,normal_http,0
1.848754445173966,144,345,5,3,9,0.9104417584799289,4,0,18,misconfig,0
178.4633281583875,1955,1105,62,0,1,0.1872691038688823,2,1,14,c2_beacon,1
4.628324950769825,215,236,11,4,8,2.8387280213195725,3,0,11,misconfig,0
0.34153079521664176,212,102,3,3,4,1.1218817405380155,4,0,1,misconfig,0
142.1696101598642,967,1231,117,0,2,0.989685988341136,2,0,7,c2_beacon,1
565.9991492863646,206688,382,1142,0,2,5.0494930684197366,1,1,18,data_exfil,1
0.27422873671171727,558,164,49,12,1,15.801687468097084,2,0,17,brute_force,1
516.4149547507457,182283,329,388,0,3,6.769774932239435,1,1,3,data_exfil,1
4.38877674838273,1226,383,5,0,12,7.414955324172735,3,0,7,admin_tool,0
0.09710553004711162,183,96,4,0,821,99.73574830823814,1,0,4,port_scan,1
0.4886321609702231,117,83,1,0,330,53.71552332633979,2,0,5,port_scan,1
2.0674296455045496,110,461,7,3,5,1.3530056697817185,4,2,4,misconfig,0
2.385659575760756,4083,86435,85,0,3,2.2822451484596002,3,0,17,normal_http,0
291.3777692537049,1231,615,106,0,1,0.1666948803173804,2,0,12,c2_beacon,1
2.1222226927786636,1918,1019,39,2,10,3.384797965023611,2,0,14,admin_tool,0
1.5243516739648775,1414,87339,28,0,3,4.629203133178551,3,0,8,normal_http,0
346.54159992814857,141229,267,1153,0,3,3.16197489887547,1,1,22,data_exfil,1
3.523419202398077,132,344,7,3,3,2.7690503119387975,3,1,18,misconfig,0
97.61900116977168,185393,769,1963,0,1,4.439111450139759,1,0,0,data_exfil,1
28.828231945804475,1360,88897,11,0,4,4.435726075264247,3,0,17,normal_http,0
20.632325817019826,3538,15318,69,0,3,2.3211764344812655,3,1,10,normal_http,0
6.364865384386637,1183,301,46,0,12,4.580272780298322,3,0,12,admin_tool,0
2.845323370425168,90,118,5,4,9,2.155052371476764,3,0,2,misconfig,0
232.49400558205912,900,1923,180,0,1,0.6887194633250863,2,1,4,c2_beacon,1
0.5824392864752549,467,394,21,12,1,11.257912458974797,2,0,16,brute_force,1
0.010766901543821723,130,45,7,0,719,40.60857762669775,1,0,16,port_scan,1
3.753655775131599,1694,55892,88,0,2,2.5029799867309737,3,0,13,normal_http,0
27.71101510268786,1590,44826,59,0,1,1.3854144995224502,3,1,15,normal_http,0
2.447299555805607,215,189,12,4,4,0.6784085582821013,3,0,2,misconfig,0
0.03358998962939319,107,91,8,0,563,73.42437465811253,2,0,21,port_scan,1
0.2779612240778118,85,12,3,0,567,55.64333109935127,2,0,12,port_scan,1
0.21498359341011727,93,92,8,0,453,42.22822208717698,2,0,9,port_scan,1
1.3373426563788349,419,291,25,18,1,16.951975135903155,2,0,12,brute_force,1
475.4669441298389,204422,430,1439,0,2,6.591038774321506,1,0,12,data_exfil,1
25.377505060422564,4183,57115,38,0,4,0.7276858415446178,3,1,18,normal_http,0
3.6995298052800143,1837,1038,6,2,9,6.2506468899754735,2,0,10,admin_tool,0
4.519785811909971,3915,6609,91,0,4,2.256073473127978,3,1,19,normal_http,0
2.0011337524670796,451,129,3,4,4,2.2687168245833025,4,1,22,misconfig,0
1.2348283562853182,502,226,75,31,2,21.60160497366651,1,0,13,brute_force,1
10.151050758850216,4003,68863,17,0,2,4.499386176876225,3,1,11,normal_http,0
3.515710429540065,2496,42708,46,0,2,3.527716498511379,4,1,16,normal_http,0
22.02300472806896,1729,77693,73,0,1,3.1430650605936257,4,0,19,normal_http,0
3.113177471794023,164,149,12,4,4,2.3610673735559877,4,0,16,misconfig,0
4.420221571352771,4619,8960,72,0,4,0.9853396905303912,3,1,16,normal_http,0
45.97780940315629,1039,918,95,0,2,0.2428630870368786,1,1,20,c2_beacon,1
3.3524570069963304,101,191,5,3,8,1.6793859431434606,3,0,21,misconfig,0
386.62653842713115,238629,917,1389,0,3,8.645179869356998,1,0,10,data_exfil,1
1.8563527712154078,697,314,48,27,1,26.964938321764894,1,0,2,brute_force,1
20.962371122496073,982,99843,32,0,4,1.3456668104320793,3,0,9,normal_http,0
1.8086437731305942,351,310,18,2,5,2.544271998643286,4,2,9,misconfig,0
2.192134376477975,428,443,17,1,4,2.5927302048588112,3,1,21,misconfig,0
451.32948525264743,274522,521,1841,0,4,7.6486915865433724,1,0,13,data_exfil,1
73.95356708568193,1810,971,168,0,2,0.5039009235951534,1,1,2,c2_beacon,1
116.04619307744137,1333,1691,52,0,1,0.616465538177524,1,1,18,c2_beacon,1
25.270907152494086,1116,60052,99,0,3,2.697393392716303,3,1,17,normal_http,0
14.078608576801969,4357,29900,56,0,3,0.6402870910036456,4,1,18,normal_http,0
6.209745836142555,1473,1944,45,1,8,3.422776909658806,2,0,17,admin_tool,0
28.275581731985483,4740,14418,72,0,4,4.789567304515548,4,0,14,normal_http,0
0.14269510073811656,73,39,2,0,1012,37.22755051060421,1,0,10,port_scan,1
83.0331882854447,1348,1752,183,0,1,0.7626158291204498,2,1,13,c2_beacon,1
14.051505986062873,3670,29743,43,0,2,1.1967920672910233,3,0,8,normal_http,0
26.457572019480363,4500,89444,82,0,4,3.4211928417389275,3,1,17,normal_http,0
54.1885467811704,398984,855,551,0,4,3.1583795698593122,1,0,9,data_exfil,1
84.92784828674462,1887,1446,167,0,1,0.5784196570974939,1,0,18,c2_beacon,1
270.2766116179729,1871,1491,114,0,1,0.2892867006572143,2,0,1,c2_beacon,1
2.006906620916052,100,435,16,3,4,2.0079889652877845,4,2,11,misconfig,0
2.4279540755880733,422,348,19,3,9,2.535978117355276,3,0,21,misconfig,0
5.094133956991126,1140,395,14,1,14,4.554951001962369,3,0,11,admin_tool,0
4.284822838875888,308,62756,49,0,4,4.029259167295561,3,1,17,normal_http,0
166.39795775975782,159321,751,563,0,3,3.3301384731382564,1,0,9,data_exfil,1
1.7082593542955846,415,283,34,38,2,11.298183401673024,1,0,3,brute_force,1
104.11680184691113,1124,512,67,0,2,0.40712000478194854,1,0,6,c2_beacon,1
2.783925556398771,293,405,3,2,4,1.7786494951126037,4,1,8,misconfig,0
1.5117096451795695,1764,41100,90,0,2,2.3039696080755965,4,1,18,normal_http,0
55.71495453750767,424842,935,398,0,3,1.0661774009898428,1,1,7,data_exfil,1
0.3913676659205524,340,203,37,34,1,8.39842404405849,2,0,10,brute_force,1
105.01819406577269,636,1543,88,0,1,0.6270289154853512,1,0,13,c2_beacon,1
0.6183166437809283,437,134,6,1,3,2.199540276726456,3,2,0,misconfig,0
70.97936065979755,1294,1380,98,0,2,0.10486443130540289,2,1,19,c2_beacon,1
0.16249657258106287,77,63,5,0,441,49.167498255803196,2,0,23,port_scan,1
0.26401993075315,108,31,1,0,136,74.41822233666826,1,0,7,port_scan,1
162.85471213324817,1376,1566,91,0,2,0.1972401034387664,2,0,10,c2_beacon,1
130.2157366514668,228428,897,1104,0,2,4.59489051127769,1,0,13,data_exfil,1
172.5843980224153,132464,170,1791,0,1,7.887846695728476,1,1,18,data_exfil,1
432.4309691896172,155723,602,318,0,2,1.5768523993255794,1,1,12,data_exfil,1
0.9688038070660842,549,146,54,49,2,10.920399289345337,2,0,9,brute_force,1
4.205152577101826,654,524,41,0,12,3.2672688680626543,2,0,10,admin_tool,0
4.4503087633284935,172,265,3,1,8,1.6684583045223056,3,2,8,misconfig,0
316.3321150160415,175695,541,695,0,4,9.49389743990813,1,1,19,data_exfil,1
418.82293524262525,323958,112,892,0,1,6.487137174481997,1,1,9,data_exfil,1
577.3149319611641,171169,579,1916,0,3,4.164848851077148,1,1,18,data_exfil,1
16.328941841685825,2215,72127,46,0,4,2.0731333810297645,3,0,19,normal_http,0
3.4717409563281936,204,228,11,1,3,1.4740308904594803,3,2,15,misconfig,0
1.274933417732866,766,343,76,12,1,21.365986741831644,1,0,8,brute_force,1
26.589866406869866,3283,1769,24,0,3,2.7848846833819896,4,0,19,normal_http,0
0.3933856709347897,342,422,19,2,9,1.8098697810429958,4,1,20,misconfig,0
0.23264489393438084,91,54,5,0,843,30.17598101499597,2,0,19,port_scan,1
2.9021222982443087,400,1603,6,0,11,4.5982157363310865,3,0,18,admin_tool,0
1.8220642000063492,135,336,4,2,5,2.5475556472686383,4,1,4,misconfig,0
0.29118221451121157,121,67,1,0,163,92.17891227697905,2,0,12,port_scan,1
9.776072304933896,442,52952,90,0,3,1.2179298050979062,4,1,10,normal_http,0
5.343536818746178,2853,64620,20,0,1,3.0752771654390054,3,0,9,normal_http,0
505.277408183635,378082,513,244,0,2,2.5810488996031964,1,1,3,data_exfil,1
0.3869572815503439,332,153,10,2,3,1.885885124356579,3,2,20,misconfig,0
0.0866270841576895,146,83,2,0,299,64.95942779734455,1,0,3,port_scan,1
9.35527219628369,624,446,48,0,9,6.348257762172302,2,0,16,admin_tool,0
1.8946155016629658,277,968,10,0,6,1.5150690614278362,2,0,17,admin_tool,0
0.4373464930110135,193,67,4,0,263,21.435654285479345,2,0,20,port_scan,1
0.35995539874602667,529,156,74,21,2,29.079757446086468,1,0,7,brute_force,1
20.258919463288837,3767,87268,48,0,4,3.7415001612469685,3,0,9,normal_http,0
7.937121552992344,3088,69226,99,0,1,3.4600495101628375,4,1,9,normal_http,0
115.87338458874805,992,691,103,0,2,0.7977196466514543,1,0,10,c2_beacon,1
1.175470699938745,634,185,76,38,2,10.019579447895723,1,0,16,brute_force,1
7.355661170391491,1767,1628,18,0,5,4.154077449712822,3,0,9,admin_tool,0
158.37844311283808,1753,1466,136,0,1,0.8384969253301469,2,0,0,c2_beacon,1
519.9760972090241,483603,563,1159,0,2,4.474458420866522,1,1,2,data_exfil,1
7.83430196673737,192,716,13,0,13,3.0491908400821197,2,0,16,admin_tool,0
10.281727361323892,1637,94464,72,0,1,1.3980722715317244,4,1,10,normal_http,0
29.228434451645256,1236,18290,99,0,2,1.648320029484038,3,0,17,normal_http,0
0.22096470265852308,195,77,5,0,167,39.77052437291135,1,0,17,port_scan,1
413.8168630308914,250065,732,1127,0,2,5.367615706555438,1,0,2,data_exfil,1
209.98661291743053,1887,1727,158,0,2,0.7781248995936371,2,0,21,c2_beacon,1
0.1174442413426991,52,20,3,0,102,53.289714245687385,1,0,21,port_scan,1
32.69426969778133,1167,1596,169,0,2,0.8525059328865239,1,1,15,c2_beacon,1
0.49192552163045883,168,7,5,0,977,72.34340418599695,1,0,4,port_scan,1
1.8025734698546372,430,289,52,10,1,22.24918265190997,1,0,19,brute_force,1
180.62589242821977,1856,1516,120,0,1,0.8000301200126057,2,0,21,c2_beacon,1
0.5635803224202588,237,329,64,17,1,17.55667604122943,1,0,0,brute_force,1
268.4460047841764,361900,876,1494,0,2,7.80981894417159,1,0,21,data_exfil,1
4.225677624490729,151,334,16,4,1,2.041262730282856,3,2,12,misconfig,0
88.67323571665854,309278,127,881,0,4,1.526121885131893,1,0,1,data_exfil,1
1.056839332911088,421,225,13,3,9,2.93082334400413,4,0,4,misconfig,0
0.46879736544488687,184,57,7,0,267,65.17032407978105,2,0,23,port_scan,1
389.6230802152252,219331,456,380,0,4,2.5016372038501986,1,1,19,data_exfil,1
298.8203995646985,1279,1636,63,0,1,0.9542806238628022,1,1,22,c2_beacon,1
467.38837795044304,315369,646,278,0,3,2.728144762660331,1,1,0,data_exfil,1
3.93500955417234,391,291,11,2,2,1.9589112926289942,3,1,11,misconfig,0
17.06512854646997,4149,83524,45,0,1,4.4663464954546255,3,1,16,normal_http,0
11.663546735698752,2186,33430,65,0,3,1.7880093825799745,3,1,12,normal_http,0
1.4466149257116552,680,250,69,11,1,9.928140428804447,1,0,8,brute_force,1
2.5785463399788644,1931,1157,20,0,9,3.813663472306537,2,0,18,admin_tool,0
13.645362249438794,1925,59328,61,0,2,1.0961102930803464,3,1,13,normal_http,0
256.79175554515666,422050,773,1779,0,1,5.641088959693658,1,0,3,data_exfil,1
2.014515467047658,71,476,18,4,4,2.2724183023532545,4,1,13,misconfig,0
0.25181548615566,102,76,8,0,735,51.79585255192733,2,0,0,port_scan,1
0.7062908991621857,689,202,36,23,1,16.023339488060728,2,0,12,brute_force,1
252.56509417303374,359801,398,1943,0,2,1.9327305383271602,1,1,18,data_exfil,1
249.33070307387013,455932,487,1932,0,2,5.4849972546481345,1,1,8,data_exfil,1
13.049308504181516,2554,58609,15,0,2,4.779236083396254,4,1,18,normal_http,0
45.30371668477556,1553,544,68,0,1,0.8225660880959914,1,1,21,c2_beacon,1
176.14292995425308,1951,500,59,0,1,0.63029315291307,2,1,16,c2_beacon,1
3.4618876446477085,225,866,12,1,6,4.2022315261007535,2,0,15,admin_tool,0
42.27217511766491,1348,1435,165,0,1,0.9195451454929796,2,1,20,c2_beacon,1
4.121834000947229,474,200,6,3,9,0.8535072648395388,3,1,16,misconfig,0
1.891421784060164,442,185,47,11,2,25.77864835041717,1,0,20,brute_force,1
0.6692322323563064,340,314,70,28,2,12.513072090604158,1,0,16,brute_force,1
5.41264843707664,581,447,42,0,19,5.328424149318202,3,0,9,admin_tool,0
5.085189514574978,4453,46227,83,0,3,3.485759312323657,4,1,10,normal_http,0
0.5924243202747949,135,394,11,1,8,0.42877108688624055,4,0,6,misconfig,0
275.07198270442336,339962,948,1292,0,1,3.1539905789262273,1,0,0,data_exfil,1
277.42780184546257,163396,881,1302,0,1,1.710368695345711,1,0,16,data_exfil,1
0.4522583275400657,246,441,15,4,3,2.854167821016592,3,0,7,misconfig,0
1.8248554406708164,413,278,43,26,2,29.706577051877222,2,0,14,brute_force,1
15.030110000901093,4925,86597,59,0,4,4.111953098684989,4,1,8,normal_http,0
331.4465586473247,432865,136,336,0,4,5.0821552865365724,1,1,19,data_exfil,1
1.7743774669381185,383,388,6,4,2,2.5197991940039537,3,1,20,misconfig,0
3.6386188761315568,1517,540,32,1,6,5.210839544657943,3,0,11,admin_tool,0
54.671008312310484,1753,1157,163,0,1,0.8028674772799917,1,1,1,c2_beacon,1
1.660874600074138,278,157,42,35,2,14.019786658196649,1,0,3,brute_force,1
0.3674590320396744,109,40,6,0,735,68.8180119582113,2,0,19,port_scan,1
0.39539596737151506,131,20,2,0,504,77.6452438915525,1,0,19,port_scan,1
3.8117981318106797,340,212,6,2,7,1.8165568305498367,3,2,12,misconfig,0
0.22257424426518524,403,429,12,2,9,2.598390950171717,3,2,19,misconfig,0
3.155188268785489,422,88,12,3,3,1.909153210129599,3,0,15,misconfig,0
1.1110605050522357,425,267,16,1,4,0.20033220575038002,3,0,0,misconfig,0
226.8933805866836,539,558,111,0,2,0.5178146677653025,2,0,10,c2_beacon,1
0.6921182115363999,194,493,11,2,8,0.8098375223259804,3,2,22,misconfig,0
14.766912686718173,1553,27986,79,0,4,4.714565981318776,3,0,14,normal_http,0
0.331810471102533,61,25,7,0,344,33.76884822582221,1,0,5,port_scan,1
0.45239852819577264,473,195,54,48,2,15.715659939937623,2,0,16,brute_force,1
17.874092728636526,2086,78078,36,0,2,4.650384989676131,3,0,10,normal_http,0
2.9024221834058563,2854,6899,32,0,2,2.3203378600620574,3,0,11,normal_http,0
0.6972763640450206,295,321,56,32,1,17.028424306783855,1,0,3,brute_force,1
7.320401724414411,1332,1409,14,2,18,4.8332838889996665,2,0,17,admin_tool,0
16.68398485517465,501,73227,67,0,4,0.8199981869604656,4,1,9,normal_http,0
2.7358228532126407,285,342,11,3,9,2.469864165753835,3,0,8,misconfig,0
88.38129246450052,964,1746,168,0,1,0.5185085657737849,1,0,13,c2_beacon,1
2.1239764888920654,1413,1184,45,0,17,6.696803921149902,2,0,10,admin_tool,0
98.12422030881551,1241,1892,114,0,1,0.8289319782726094,1,1,21,c2_beacon,1
0.8196781552830381,1300,1175,19,0,4,4.487055041758039,3,0,15,admin_tool,0
6.653340300134635,948,13178,36,0,1,3.711233148185622,3,1,15,normal_http,0
6.62759324716989,942,450,22,2,13,5.271250033656493,2,0,15,admin_tool,0
5.183776492949874,1166,1046,31,1,15,3.0858585626358868,2,0,9,admin_tool,0
56.38975948395724,497617,392,1396,0,4,9.892125658588794,1,0,21,data_exfil,1
4.9330467045746245,483,79,8,3,5,2.2159698468916282,4,2,7,misconfig,0
0.43979783634058794,150,7,8,0,178,79.3369649210344,1,0,0,port_scan,1
51.13446124190039,454499,315,1054,0,3,3.5909171026271274,1,1,5,data_exfil,1
5.4294505506852735,854,1580,17,1,17,7.022590960963364,2,0,8,admin_tool,0
1.8613656351129826,523,376,32,31,1,10.231258225882764,1,0,3,brute_force,1
1.1179718997420411,343,196,28,15,2,8.897053114204805,2,0,3,brute_force,1
2.4805207384159558,491,320,2,4,7,2.8421742778157855,4,1,9,misconfig,0
0.2345349786924886,120,58,4,0,649,81.0863255093258,1,0,21,port_scan,1
3.421026422377089,295,181,2,1,6,0.9618356412183373,3,2,17,misconfig,0
2.6041887141665803,516,777,49,1,5,6.66284424729596,2,0,9,admin_tool,0
1.1454304300968974,575,272,61,22,1,22.03567452745255,1,0,21,brute_force,1
1.8868713102705372,676,145,72,15,1,24.449813025743108,1,0,23,brute_force,1
35.604668673470336,1637,1396,101,0,1,0.5901677839964222,1,0,18,c2_beacon,1
29.095626026756328,1327,81032,40,0,3,2.9825958551290777,4,1,14,normal_http,0
3.006157711990397,1118,1279,14,1,19,3.6334098930663874,2,0,18,admin_tool,0
0.2789407458879044,165,52,5,0,332,52.9324368365362,2,0,0,port_scan,1
3.7667621255002053,481,360,16,3,3,0.592180766205022,3,0,10,misconfig,0
2.31070361806922,194,450,2,4,6,2.6931821705816623,3,2,23,misconfig,0
216.49610508058103,1464,1950,74,0,2,0.9352465752059633,1,1,17,c2_beacon,1
2.8290850363176037,136,448,3,1,4,2.990854556824268,3,0,1,misconfig,0
198.137716219065,1004,1287,88,0,2,0.799709920464147,1,1,3,c2_beacon,1
3.6505850485827547,498,450,15,3,5,0.32616682937523134,4,0,20,misconfig,0
25.81207792819134,1176,18118,46,0,1,3.5403982873919984,3,0,11,normal_http,0
27.243894524927505,2546,92211,60,0,3,4.134826819403215,4,0,15,normal_http,0
5.180406137954528,1897,1487,43,1,16,6.269719182621668,3,0,12,admin_tool,0
3.2037975133216827,1853,959,17,1,7,3.50238172444318,3,0,13,admin_tool,0
7.8092598799876205,521,874,34,1,9,6.442119397773878,2,0,7,admin_tool,0
20.890411977507476,1310,86973,67,0,2,3.78687319258881,4,0,17,normal_http,0
2.7861984866815432,418,152,8,1,4,2.1015607277376134,3,0,14,misconfig,0
315.62615451189777,266916,156,1605,0,3,5.351482765961235,1,0,17,data_exfil,1
0.5660970793812665,137,344,25,1,12,2.2393030616987817,3,0,13,admin_tool,0
0.6629854288663811,492,252,67,10,1,29.729892574192693,1,0,14,brute_force,1
83.88571512096058,461778,731,1666,0,2,4.228801858191464,1,1,16,data_exfil,1
15.19035967677852,4788,49458,39,0,3,2.5472784957889987,4,0,18,normal_http,0
453.33975734346853,265657,464,567,0,2,4.270635387994843,1,1,5,data_exfil,1
4.282055265979799,451,229,17,2,5,1.1257722736067177,3,1,22,misconfig,0
102.25366357047628,433015,985,1559,0,4,3.4719928280911487,1,0,23,data_exfil,1
96.50258872430695,281376,342,1430,0,4,6.16536222510684,1,1,10,data_exfil,1
1.1560325047306415,285,349,26,23,1,23.343245879430476,1,0,18,brute_force,1
3.6371347754855026,278,353,19,4,5,2.993796285896181,4,2,1,misconfig,0
0.9849214187331459,387,211,14,3,1,1.410235811374918,3,1,7,misconfig,0
85.6880707357612,1848,804,56,0,2,0.5570245575629013,1,0,16,c2_beacon,1
12.120952554676233,3691,88794,19,0,4,3.1360022191897143,3,0,19,normal_http,0
8.168976138427428,1540,27797,95,0,1,4.467727878779283,4,1,11,normal_http,0
3.3280519766364733,454,72,10,2,3,0.6459925045784838,3,1,19,misconfig,0
1.693306861534987,525,217,23,28,2,19.167428331058012,1,0,11,brute_force,1
8.012344105454323,1291,496,36,0,17,2.755588345783739,2,0,15,admin_tool,0
5.757563157477146,1891,1135,35,1,14,5.817632941349546,2,0,7,admin_tool,0
190.94212791434262,1825,1548,70,0,2,0.20492476710012705,1,1,16,c2_beacon,1
4.176999622172002,256,444,16,1,2,2.0556227854308977,3,2,14,misconfig,0
17.645280075920514,2984,33624,99,0,1,0.540493957774651,4,1,11,normal_http,0
0.8117639677902952,641,195,20,14,1,11.584557395791453,2,0,15,brute_force,1
0.5202979394572442,688,125,66,41,2,20.941802653338485,1,0,22,brute_force,1
0.31848327147695094,114,75,1,0,640,28.21986019619387,1,0,17,port_scan,1
4.177906324471455,214,264,12,4,8,0.728523738215491,3,0,9,misconfig,0
0.9526773902796657,560,356,24,29,2,21.57718970528866,1,0,21,brute_force,1
0.4413970356755801,166,102,15,1,9,1.9757322153793346,3,0,9,misconfig,0
3.099292549665,4840,85880,33,0,2,1.1615672970490034,4,0,9,normal_http,0
4.766276784545423,468,499,4,1,3,2.8055736756996037,4,2,11,misconfig,0
1.8850479889719594,469,370,27,23,1,19.45835372056812,2,0,7,brute_force,1
18.59476985713011,2420,80731,87,0,4,3.005774126106085,3,0,18,normal_http,0
0.611298405295247,408,105,17,1,3,1.297477192398026,3,2,0,misconfig,0
29.052515229250623,1827,40709,80,0,1,0.8875224972786822,3,0,10,normal_http,0
0.15905737262177763,100,83,3,0,433,20.11790576690491,1,0,3,port_scan,1
0.07623148168586315,107,44,4,0,707,42.22020989994089,1,0,5,port_scan,1
20.845530863202733,3564,89356,12,0,3,2.2583884305515185,3,1,19,normal_http,0
319.93777602592564,115584,594,1037,0,4,4.240539117376534,1,1,4,data_exfil,1
3.981628767517026,309,309,6,1,7,1.3606583222925068,3,0,10,misconfig,0
117.24052267910459,498927,631,640,0,2,3.3229687885607326,1,0,11,data_exfil,1
5.921551784980056,1769,1965,6,1,15,5.1980330777719415,3,0,11,admin_tool,0
3.42603030176055,123,422,16,4,2,1.6649125890510046,4,1,19,misconfig,0
226.43289216077565,727,1954,68,0,1,0.6147962904552335,2,0,22,c2_beacon,1
0.30747389357218946,90,37,4,0,554,76.2107018468413,2,0,22,port_scan,1
1.4978621850103109,330,108,14,3,8,2.2486085309756865,3,1,1,misconfig,0
0.16851519350662214,121,44,4,0,514,28.778895894200282,2,0,10,port_scan,1
9.667800417644228,1808,875,26,0,4,5.947533530777701,2,0,8,admin_tool,0
23.36011273710079,2200,84391,10,0,3,2.6041502682444504,3,1,11,normal_http,0
7.737929149462149,1289,392,8,1,12,4.933869391384655,3,0,8,admin_tool,0
1.3140038321350975,280,314,56,25,2,29.572689603959738,2,0,11,brute_force,1
0.4727798055202087,180,83,6,0,440,70.58257229101119,2,0,22,port_scan,1
77.15474019200897,1422,1909,106,0,2,0.45809575800132074,1,1,4,c2_beacon,1
2.797108900940891,411,295,18,3,3,0.3578589356135468,4,2,11,misconfig,0
4.6470484027565195,288,411,3,4,5,2.4164102699003753,3,2,0,misconfig,0
148.72993135713529,555,859,188,0,2,0.6675228474247831,1,1,23,c2_beacon,1
1.0150567945269018,288,406,12,2,2,2.0786849229219464,4,2,4,misconfig,0
289.704995823636,371169,108,1797,0,1,1.0333216614917515,1,1,13,data_exfil,1
0.3014535751921169,133,47,7,0,699,90.79714465444702,1,0,18,port_scan,1
3.4483477782730483,382,360,11,4,6,2.6012454921347246,4,2,8,misconfig,0
27.515872837328022,2101,97213,20,0,2,2.2772533370965795,3,1,15,normal_http,0
1.2306480683304841,690,300,45,11,1,15.57644210497313,2,0,16,brute_force,1
4.074419596980781,294,294,13,4,7,2.2367124227686643,3,1,3,misconfig,0
0.6517750302926278,131,303,2,4,2,0.4559602549551351,3,2,18,misconfig,0
0.08000922105631174,47,81,7,0,976,42.74192743420134,2,0,23,port_scan,1
231.73451921468518,157441,700,852,0,1,5.0218677568039505,1,0,22,data_exfil,1
3.783814828141672,418,163,3,3,9,1.9432626303755318,3,0,11,misconfig,0
271.28151840345606,762,766,152,0,1,0.9969090906600842,2,1,5,c2_beacon,1
4.719073549166361,1639,632,35,0,10,7.780470657101929,2,0,11,admin_tool,0
0.39524076960791843,167,67,2,0,418,22.01547311673835,2,0,2,port_scan,1
6.797609397273375,751,788,34,2,14,5.92165732631603,2,0,15,admin_tool,0
0.962017905750037,761,298,22,38,2,14.471695413556514,2,0,2,brute_force,1
10.32471313953827,1173,40851,83,0,2,1.677521149868779,3,0,17,normal_http,0
22.022469652108747,4984,16185,74,0,3,4.146964635270313,4,0,17,normal_http,0
132.34093105341947,1418,505,81,0,2,0.8597910927575287,2,1,8,c2_beacon,1
0.8279632036740451,757,163,21,10,1,9.987413132707374,1,0,20,brute_force,1
78.17944224157273,492953,803,370,0,1,8.376623825928803,1,0,6,data_exfil,1
8.782078824734295,1178,1893,5,2,14,3.6610509937036895,3,0,16,admin_tool,0
289.98116659354815,208698,285,597,0,1,4.547714451399171,1,0,20,data_exfil,1
1.3355589531595624,736,342,77,28,1,18.34401703932663,1,0,7,brute_force,1
7.1520392590306745,224,840,24,0,17,5.75261796996469,2,0,11,admin_tool,0
350.6385067196039,243587,388,1849,0,3,3.2662608944579334,1,1,5,data_exfil,1
0.3766140339297088,174,22,6,0,711,98.77357916196065,2,0,12,port_scan,1
0.11282257747964061,139,63,3,0,481,49.877007691533876,2,0,22,port_scan,1
1.191468974341149,176,166,9,4,5,1.359392134433239,3,0,21,misconfig,0
0.1020429977435093,62,31,4,0,505,64.37258784280765,2,0,17,port_scan,1
1.9711982780284356,619,281,42,10,1,14.851773809004106,1,0,7,brute_force,1
3.7577157836111548,4859,5001,58,0,4,0.8647680374492142,3,1,8,normal_http,0
1.0246709887069354,777,361,58,21,1,21.705264838396623,2,0,20,brute_force,1
4.611614831650017,1756,720,33,2,17,4.227234976684684,2,0,17,admin_tool,0
334.3331805463535,264839,807,1267,0,3,2.986413273499768,1,1,20,data_exfil,1
1.0684760688282264,379,289,42,35,2,27.213406557924653,2,0,2,brute_force,1
3.7383886471773926,601,863,19,2,11,5.5819633385651874,2,0,15,admin_tool,0
2.5027543723094183,423,384,9,1,2,2.2984510062148233,4,0,4,misconfig,0
4.042209719141307,116,442,6,2,2,2.3687409169263365,3,0,2,misconfig,0
1.4971525583854728,277,437,16,3,2,2.1005727538572008,3,1,19,misconfig,0
3.4555381086646957,64,497,3,1,6,2.937370542341322,4,1,23,misconfig,0
29.53944763096088,1104,8436,67,0,3,3.4529134116812297,3,1,11,normal_http,0
4.521603906714008,1115,323,37,1,14,5.260789544224506,2,0,17,admin_tool,0
1.961346282820404,338,1357,35,2,15,6.721887186883774,2,0,16,admin_tool,0
0.2857287325209462,190,14,9,0,548,66.1823223386505,1,0,20,port_scan,1
3.620363226204153,85,422,9,3,2,0.49467731461742664,3,0,12,misconfig,0
170.28187290455674,152413,936,1369,0,2,9.912566535264471,1,1,17,data_exfil,1
0.69453229194088,964,1376,31,2,18,4.115130786077486,2,0,7,admin_tool,0
1.8587821786733525,218,181,32,32,1,27.11581376189256,1,0,23,brute_force,1
185.75792435402627,624,1370,73,0,1,0.16245467731376506,2,0,17,c2_beacon,1
0.9725728947351475,572,199,59,33,1,8.452858874507655,2,0,23,brute_force,1
1.1105292114075307,303,138,70,15,2,15.321947290074654,1,0,7,brute_force,1
142.96517401215004,1681,990,195,0,1,0.3194217439391616,1,0,6,c2_beacon,1
3.8351974566354494,341,123,8,4,9,0.573510449034266,3,2,23,misconfig,0
522.6858719623287,195457,777,305,0,4,6.347227523297962,1,0,7,data_exfil,1
3.171970193614509,1848,1683,44,2,4,4.882855799529405,2,0,7,admin_tool,0
8.095997118969027,1936,527,23,0,3,1.1184494042546018,2,0,18,admin_tool,0
2.2535133115923323,308,63,3,4,6,1.065952860618131,3,0,23,misconfig,0
1.7082212975604258,657,1004,21,2,9,4.433125219446828,3,0,18,admin_tool,0
4.467570555752676,658,321,25,1,13,6.628764722427921,2,0,11,admin_tool,0
5.573263438654818,1726,847,30,0,6,4.473231482707806,2,0,8,admin_tool,0
6.9797152984008655,3038,51818,41,0,4,3.151203698272047,3,1,10,normal_http,0
3.202036188339025,393,201,4,1,7,1.3609361747101378,3,2,17,misconfig,0
0.49669495755725235,199,88,7,0,802,70.83549165276182,2,0,20,port_scan,1
1.2394719545498833,1461,1424,7,1,11,6.630242282680207,2,0,12,admin_tool,0
26.039470421131252,601,52805,72,0,4,1.697096195279608,3,0,18,normal_http,0
0.12843846733041137,192,238,17,4,2,1.6067278217443548,3,0,10,misconfig,0
13.437735509156106,1738,95042,61,0,1,0.503225864179609,4,1,14,normal_http,0
3.981863462461224,425,138,2,1,2,2.4654890071045292,3,0,23,misconfig,0
3.5538935405041423,552,855,45,2,18,2.1703709818308785,3,0,11,admin_tool,0
2.6709732192580393,223,480,16,1,5,2.1109804944640165,4,0,8,misconfig,0
3.498709456332078,1081,200,43,1,3,3.996135467077507,3,0,7,admin_tool,0
156.01658531734662,1364,1687,63,0,2,0.15499420085766907,2,0,2,c2_beacon,1
4.932283526882606,167,345,12,2,8,0.2676985225116766,3,2,9,misconfig,0
20.746599165900292,680,39031,33,0,1,4.938574653248729,3,0,19,normal_http,0
3.4599449518057925,171,495,13,3,4,1.9405628185209978,3,1,14,misconfig,0
3.292296852295104,251,297,10,2,7,1.4929788361853717,3,2,23,misconfig,0
0.10984556497256764,113,7,8,0,557,83.42835352270714,2,0,4,port_scan,1
179.67630392841966,1633,689,81,0,2,0.9049639497836565,2,0,4,c2_beacon,1
8.550358281827748,737,1951,47,0,6,6.089731143409549,3,0,12,admin_tool,0
6.498085645756578,1582,1747,42,2,8,6.92588025725782,2,0,18,admin_tool,0
138.0844657667084,1852,978,64,0,2,0.6844409382129601,1,0,8,c2_beacon,1
0.5823563535287448,430,264,5,0,19,4.643643735490602,2,0,16,admin_tool,0
27.039045038453313,2035,21534,39,0,1,2.3915092513797456,4,0,18,normal_http,0
392.471602905915,149122,872,212,0,3,6.518046151623174,1,0,18,data_exfil,1
94.94352799864015,738,1858,197,0,1,0.5910239096128598,2,1,4,c2_beacon,1
64.87710021563981,840,503,120,0,2,0.5712404924373505,2,0,16,c2_beacon,1
15.488933947964098,2775,63389,52,0,2,3.4851317493042178,4,1,10,normal_http,0
6.6573940589652905,207,1288,17,2,17,5.718409169275871,2,0,14,admin_tool,0
2.1489353694386777,574,1177,14,2,6,3.695354754425317,2,0,15,admin_tool,0
24.3698734546878,378,52999,59,0,1,2.5014015419090567,4,1,9,normal_http,0
3.618099716699886,495,253,17,1,2,1.252126173851096,3,1,14,misconfig,0
13.68307960054525,4433,9007,34,0,4,0.5585459604164272,4,0,14,normal_http,0
6.6610745108167535,638,919,22,2,18,5.3135697612486705,3,0,9,admin_tool,0
5.146773301301119,218,1592,41,1,9,4.761918570198649,3,0,14,admin_tool,0
6.525309364286655,1890,876,43,2,6,3.4216466250424205,2,0,18,admin_tool,0
8.040315544959517,1655,1584,49,0,6,7.565915058216479,3,0,8,admin_tool,0
1.768397737851786,1431,1375,12,2,18,6.221245855458376,3,0,11,admin_tool,0
1.7069528847752824,401,373,6,1,8,2.496430244319814,3,1,13,misconfig,0
3.195057998116335,234,59,3,4,1,0.5193408335751165,3,2,9,misconfig,0
4.589008126835686,1117,669,19,2,19,6.241792245227912,2,0,7,admin_tool,0
2.999124521065985,471,388,2,4,1,0.6543632031654091,3,1,6,misconfig,0
439.5272320997565,210212,311,1335,0,4,7.96977545145673,1,1,11,data_exfil,1
201.10213193669284,1985,1209,189,0,2,0.9124349594008205,1,1,6,c2_beacon,1
1.1148383473521397,4006,60758,29,0,3,3.3989585719532807,3,1,10,normal_http,0
4.432321343630037,268,306,18,4,2,1.364942534382954,4,2,16,misconfig,0
297.77867786439737,1922,605,64,0,1,0.5842204348275126,1,0,16,c2_beacon,1
68.59943695220309,1277,847,78,0,1,0.6382082055958747,2,0,5,c2_beacon,1
104.9154635257376,1822,557,62,0,2,0.7103024478587878,1,0,3,c2_beacon,1
3.0852948021769224,3616,13818,40,0,2,1.5526526935072318,4,0,16,normal_http,0
15.373963705614166,433,2391,64,0,1,3.4765151747589553,3,0,14,normal_http,0
3.517560209410962,407,74,5,1,9,0.4980532487327021,3,1,20,misconfig,0
21.383126877452938,4090,11778,95,0,2,3.4771597968166943,3,0,19,normal_http,0
66.08565698083986,870,1357,72,0,2,0.9626480521009662,1,1,5,c2_beacon,1
20.41014707454155,3940,16210,75,0,3,3.3053527910131906,4,0,16,normal_http,0
41.432415268543636,1442,1220,142,0,2,0.25275558571923085,2,1,15,c2_beacon,1
22.428920587797695,663,99066,90,0,3,0.5827144539885892,3,0,16,normal_http,0
4.0588660383573245,226,112,14,1,7,1.1243130339946752,3,0,11,misconfig,0
74.3574476835505,1633,1963,71,0,1,0.6714159932378465,1,0,11,c2_beacon,1
4.10122050546047,220,100,9,3,9,1.975341423258814,3,1,14,misconfig,0
0.6948602287222003,1557,470,18,1,10,1.7810761919326898,3,0,16,admin_tool,0
0.373984237704095,124,24,4,0,654,61.01811154094208,1,0,18,port_scan,1
2.7024361704663624,469,388,10,3,3,1.1227179738668698,4,0,12,misconfig,0
1.1110156220040999,473,393,54,24,2,13.92335108088638,1,0,9,brute_force,1
5.106900104611899,3141,16111,66,0,2,2.534967950457731,4,0,10,normal_http,0
180.33192595061075,848,1778,118,0,2,0.9896694831959021,1,0,20,c2_beacon,1
22.169803514703947,1097,5023,86,0,4,1.5281220916266067,4,1,9,normal_http,0
154.39807206525194,570,747,195,0,2,0.6061864367061288,2,1,0,c2_beacon,1
72.78294011267832,467230,187,416,0,1,7.725678018038711,1,0,11,data_exfil,1
4.669633031959269,1012,246,39,2,16,5.727831059947058,3,0,13,admin_tool,0
2.464012204867476,108,273,17,2,5,1.4143514126994867,4,2,15,misconfig,0
1.8220201036256372,1617,757,35,0,16,2.880194130507601,3,0,15,admin_tool,0
395.99007259711766,182965,541,1426,0,3,3.007088411803597,1,0,5,data_exfil,1
7.247311748308961,175,415,5,0,19,1.5931007830322255,2,0,9,admin_tool,0
20.1497390849097,2623,12767,17,0,2,2.361798039111484,3,0,11,normal_http,0
1.2375565621902045,500,386,30,19,1,17.724536223222866,2,0,9,brute_force,1
0.04382447503504632,180,7,5,0,237,72.6832412536044,1,0,0,port_scan,1
377.79394391634514,274126,751,1040,0,2,5.75790943590348,1,0,20,data_exfil,1
135.99028414930143,99476,830,916,0,3,2.2538753414024173,1,1,3,data_exfil,1
0.33675866629699125,198,33,7,0,500,84.27861946375077,2,0,23,port_scan,1
331.83930089195303,160957,219,808,0,1,3.0843912228750905,1,0,1,data_exfil,1
0.38810048106872164,74,442,8,2,9,0.6850114673233216,3,1,19,misconfig,0
22.772916704213845,3870,18165,77,0,3,0.6397559421582002,3,1,11,normal_http,0
5.878860794146265,4351,81771,39,0,4,1.6135834155491586,3,1,13,normal_http,0
2.268686214289848,308,66,15,2,6,2.53517413387747,4,0,3,misconfig,0
64.42113363786648,1173,1651,107,0,2,0.23561873830075042,2,1,12,c2_beacon,1
2.066845869932202,425,440,2,2,2,0.39114442439540276,4,2,6,misconfig,0
299.35816200787406,575,1098,63,0,1,0.48788551172873984,1,0,8,c2_beacon,1
4.317560644812489,189,490,13,1,8,2.799007027813264,4,0,4,misconfig,0
442.2414925518353,190790,925,1397,0,1,3.150979121903962,1,1,14,data_exfil,1
9.294641084025402,1884,1384,39,0,16,6.4332004442815665,3,0,10,admin_tool,0
204.64605181012286,1558,878,180,0,2,0.3764310832937904,1,0,0,c2_beacon,1
31.980220725768675,950,1056,185,0,1,0.5684044637487574,1,1,8,c2_beacon,1
1.159710305305831,568,335,38,46,2,27.79224273719027,2,0,1,brute_force,1
566.8290857073378,203857,629,886,0,1,4.5393533658929375,1,1,2,data_exfil,1
1.4372940855894196,344,260,14,2,6,0.46367515509226415,4,1,11,misconfig,0
4.965911605289403,261,1880,26,2,6,5.056459279531828,2,0,18,admin_tool,0
0.16354047961672014,139,81,3,0,190,53.79076177474447,2,0,15,port_scan,1
109.90457999183728,1762,1152,95,0,2,0.3066383446785718,1,0,16,c2_beacon,1
6.790422403178754,4239,19482,97,0,4,2.860252583985394,4,1,10,normal_http,0
7.073112453833773,3584,97330,43,0,3,3.3229136165461814,3,1,14,normal_http,0
216.21845268994485,253141,731,881,0,1,7.125045995249541,1,1,17,data_exfil,1
295.9668149924214,102344,400,923,0,3,1.9551302694189594,1,1,10,data_exfil,1
0.15823975419103153,552,312,50,33,2,21.832826000530794,2,0,11,brute_force,1
1.8943784785968196,381,322,74,27,1,21.93129704804113,1,0,22,brute_force,1
4.259192036454249,2939,14231,52,0,3,1.2365404867837753,3,1,17,normal_http,0
1.1831162231697934,487,250,21,36,2,27.30220758241502,1,0,7,brute_force,1
2.4747492854388127,4045,24290,49,0,4,3.3720098676827517,4,1,16,normal_http,0
1.2277232813339796,225,108,34,19,2,17.042626335747503,1,0,9,brute_force,1
7.160840748143981,1070,1689,21,0,7,5.875064548915493,3,0,12,admin_tool,0
0.1924740474939658,264,128,8,3,8,1.8513828821786196,3,1,17,misconfig,0
0.08375553091507264,137,10,4,0,484,82.59106635680698,1,0,17,port_scan,1
0.36381475971934113,63,98,5,0,791,53.0097472678899,2,0,6,port_scan,1
0.301614520703784,63,28,9,0,789,23.332545470614594,2,0,5,port_scan,1
1.875247619688885,123,288,8,4,5,1.8800405369457793,4,2,9,misconfig,0
0.05400795559855926,69,6,3,0,114,47.342592378940935,1,0,0,port_scan,1
291.8253808554538,1173,1770,80,0,2,0.1245250107557336,1,0,21,c2_beacon,1
7.24903480567441,1424,105,32,2,7,5.0872287636043385,3,0,8,admin_tool,0
26.71184918069131,470,43503,47,0,2,3.804394950423984,3,1,14,normal_http,0
24.88858939545669,498,20622,82,0,2,0.9020295603134008,4,0,14,normal_http,0
5.772553887177618,909,1303,28,0,13,6.635123852642394,2,0,14,admin_tool,0
204.1237844289361,1267,705,128,0,1,0.10002764696084418,1,0,16,c2_beacon,1
14.365193322819907,229,56654,32,0,4,0.5228546583907725,3,0,16,normal_http,0
3.2317253745417105,773,167,28,0,3,2.1909991812401053,2,0,9,admin_tool,0
124.55480759449718,1837,1878,93,0,1,0.4479581553704508,2,0,5,c2_beacon,1
0.24978500000338658,183,170,9,3,4,1.7777173266759851,3,1,10,misconfig,0
1.9510715962153793,597,322,77,14,1,27.529492020682596,1,0,10,brute_force,1
2.074566720604632,301,163,11,3,2,2.333903706752825,3,1,16,misconfig,0
0.9972083578077036,661,230,20,14,2,13.191668234477026,2,0,6,brute_force,1
20.429127798803044,3163,73322,52,0,1,2.660083294300794,3,1,12,normal_http,0
10.893330448770808,865,33694,48,0,4,2.5355886731542228,4,1,8,normal_http,0
0.39581293905250176,41,60,6,0,729,55.403641185179644,2,0,10,port_scan,1
0.31546891949812567,191,18,5,0,902,31.83873178926678,1,0,16,port_scan,1
0.45237186188564327,726,252,49,23,1,10.75408742845611,2,0,19,brute_force,1
457.9934045386211,132203,820,1717,0,3,8.208448493872872,1,1,3,data_exfil,1
1.7427567883145698,787,388,20,28,1,22.49548034511846,1,0,15,brute_force,1
438.3900623754718,424416,834,1082,0,1,6.0797492900177295,1,1,9,data_exfil,1
25.910435866544386,4185,13881,97,0,2,1.5771642635392085,4,0,17,normal_http,0
206.9281922711807,435546,993,1038,0,1,6.123744859709818,1,1,19,data_exfil,1
0.49108135969770755,102,72,7,0,682,42.521695873194396,1,0,19,port_scan,1
3.20569549052673,295,395,9,4,8,0.8653197605449989,4,1,21,misconfig,0
272.188728128391,682,769,151,0,2,0.43900879638651624,1,0,15,c2_beacon,1
2.612171554411176,398,391,19,1,7,2.6499357641475294,3,1,19,misconfig,0
0.49919028058254533,157,44,1,0,450,71.00426115761837,2,0,15,port_scan,1
0.7484197249884478,184,355,19,2,2,1.5810817886136523,4,0,10,misconfig,0
26.601871717676318,2586,23301,31,0,3,1.3575922093273722,4,0,9,normal_http,0
20.73690969464425,434,93508,80,0,4,4.873778803669125,4,1,14,normal_http,0
2.3556022254113813,179,373,2,3,9,0.4616709554728582,3,2,11,misconfig,0
8.409785623864662,1951,1759,27,2,17,3.1290867813982555,2,0,9,admin_tool,0
0.4052798246504222,78,15,8,0,71,51.45561608223378,1,0,7,port_scan,1
0.5928697173234571,213,238,6,3,4,0.7001021461062278,4,2,19,misconfig,0
458.6360396996148,79087,454,454,0,3,2.656402948451922,1,0,5,data_exfil,1
3.8093581519620656,64,86,7,4,3,2.3068376180545487,3,1,6,misconfig,0
0.05154808786244358,82,0,3,0,457,28.429402716224477,1,0,4,port_scan,1
128.4205773191374,169324,725,1842,0,2,3.8212962386180536,1,1,14,data_exfil,1
1.5586753873268826,351,149,68,41,1,17.64953922217099,1,0,1,brute_force,1
0.8302206296033952,543,239,78,46,1,13.6976183352399,2,0,5,brute_force,1
8.75885205526656,1253,555,49,2,8,3.8022503774109597,2,0,7,admin_tool,0
60.3994259628825,1573,1217,128,0,1,0.9652749576778445,1,1,3,c2_beacon,1
0.1285465233546095,195,52,8,0,896,64.20007739263113,1,0,3,port_scan,1
217.38470180855035,557,796,183,0,1,0.3570633897060188,2,1,12,c2_beacon,1
6.23995205870139,1091,1252,20,2,18,4.9256863924426195,3,0,13,admin_tool,0
3.5074950280875985,142,342,5,4,3,0.3677946150452737,4,1,20,misconfig,0
0.8100034306059956,358,494,6,1,1,2.900145750990816,3,2,7,misconfig,0
24.263887256239837,2952,85629,12,0,2,1.2183474054804806,4,1,16,normal_http,0
199.37881247448306,1216,836,178,0,1,0.27955478343664764,2,1,7,c2_beacon,1
0.6530280762187013,717,518,35,0,5,5.677264633705336,2,0,7,admin_tool,0
28.96853320747144,3867,19161,34,0,3,2.0758393594938247,3,1,15,normal_http,0
10.122360376893592,3025,37613,22,0,1,0.8452552975521026,3,1,15,normal_http,0
5.584900978978436,1129,920,20,1,7,2.614470481499848,3,0,18,admin_tool,0
4.2604472870271115,387,486,6,1,1,2.279646418537294,3,0,17,misconfig,0
5.946128543155433,1917,1663,45,0,6,3.900158186339212,3,0,9,admin_tool,0
4.608592030455901,1980,34351,57,0,2,0.9005438070320397,3,1,15,normal_http,0
0.28099686511378996,344,127,21,44,1,8.198668890850106,1,0,7,brute_force,1
1.7135244799389382,600,227,52,21,1,16.089747667307538,1,0,21,brute_force,1
510.59834689969614,463026,811,1531,0,4,9.468930903169934,1,0,13,data_exfil,1
285.1808309641224,1059,1956,113,0,1,0.4034859180091769,2,1,16,c2_beacon,1
1.5208055561979221,1204,761,17,1,3,2.0170020682205063,3,0,11,admin_tool,0
8.023112115011251,1583,1049,9,1,11,6.5733016390370915,3,0,9,admin_tool,0
2.447216284884952,118,342,7,3,8,1.1016901767313638,4,0,19,misconfig,0
5.5938266531809395,197,1243,41,2,3,6.03022618483137,3,0,11,admin_tool,0
0.7763838201167735,245,133,68,23,2,23.188686229846034,1,0,14,brute_force,1
0.7142176045358211,883,111,24,0,10,6.048805355536773,3,0,16,admin_tool,0
219.61754479978433,121356,445,1453,0,3,3.4132890665072875,1,1,4,data_exfil,1
265.99937879239997,882,1929,181,0,1,0.6611300474673667,2,1,16,c2_beacon,1
9.201458537563498,1248,1460,25,2,13,5.988209851088752,3,0,13,admin_tool,0
447.56009959661446,237279,507,1412,0,2,4.5554800407111635,1,0,9,data_exfil,1
0.2686580488047601,652,386,66,25,2,10.126881892227832,1,0,22,brute_force,1
0.8045546791767061,773,315,56,44,2,22.02626436981469,1,0,2,brute_force,1
0.02331203640052431,192,2,8,0,93,63.09614383621714,2,0,2,port_scan,1
208.6799877673424,1860,918,196,0,2,0.5955970414967664,2,1,15,c2_beacon,1
0.15623310705731958,111,18,6,0,372,55.86552442955377,1,0,14,port_scan,1
12.531414586249838,1419,54380,98,0,2,2.9832293009037585,3,1,11,normal_http,0
1.2835810275767257,288,167,33,46,2,18.06350615102156,2,0,2,brute_force,1
275.6394091368442,379061,543,1351,0,3,5.693958855198704,1,0,16,data_exfil,1
0.7698808270349211,458,297,27,36,1,18.66625936989763,1,0,18,brute_force,1
64.0932070190876,1924,1180,103,0,1,0.5490740052223894,1,0,19,c2_beacon,1
1.3795230077220777,408,78,12,3,5,0.5694035121106704,3,2,21,misconfig,0
7.025810459355873,1726,870,32,2,19,3.184897938146742,2,0,12,admin_tool,0
2.345683694438644,4160,84106,24,0,4,4.510403588308143,4,0,12,normal_http,0
9.657465475554961,1303,592,33,2,13,3.9286833639929006,2,0,17,admin_tool,0
400.19218057738743,354094,338,1126,0,3,9.811286567125006,1,0,10,data_exfil,1
2.604639227737037,4887,83665,65,0,4,2.310236453441451,4,1,19,normal_http,0
8.43467826303714,1026,1543,48,0,3,7.871053208352161,3,0,13,admin_tool,0
4.87230885950896,393,148,12,1,3,2.0767383231172567,4,1,1,misconfig,0
291.8801618432015,571,684,55,0,2,0.3275185996141957,2,0,11,c2_beacon,1
0.7577682535593435,104,325,19,1,4,1.9545502656539542,4,2,11,misconfig,0
50.84063316114635,511,1868,161,0,2,0.3212626982440603,1,0,10,c2_beacon,1
431.7900784656003,200737,714,528,0,4,9.659916191043502,1,0,10,data_exfil,1
0.12207902582539121,473,194,57,41,1,23.289601494783938,1,0,5,brute_force,1
1.9126476669977275,239,365,10,3,2,2.8962710700109238,3,1,14,misconfig,0
332.2860840772021,286403,431,916,0,1,1.0056476496561055,1,0,13,data_exfil,1
179.43737957665948,1312,1439,137,0,1,0.8447488674721061,1,1,6,c2_beacon,1
9.772132293188545,997,1193,47,0,11,6.332198945286612,3,0,17,admin_tool,0
2.2710720713738994,306,66,8,2,5,2.5317700874365774,4,1,2,misconfig,0
195.06088259849466,670,750,180,0,1,0.8970577878175959,1,1,15,c2_beacon,1
7.02592347643786,1361,4258,23,0,4,3.546670166969046,4,1,17,normal_http,0
0.4582182463286868,175,89,1,0,371,97.65412363277953,1,0,8,port_scan,1
2.2136810216932723,1683,1210,16,1,18,6.558424381179284,2,0,16,admin_tool,0
471.2500972979485,231143,799,618,0,2,8.169803821136242,1,0,11,data_exfil,1
175.00115498033304,1681,611,195,0,1,0.9944055778403549,2,1,22,c2_beacon,1
0.20534488360843342,64,12,5,0,531,25.453784750839485,2,0,3,port_scan,1
0.6118834342171907,573,259,51,33,1,16.8843957632769,2,0,16,brute_force,1
7.703874863499926,1750,806,27,1,15,7.0217730047979305,2,0,16,admin_tool,0
0.08792225183272803,54,95,7,0,940,84.28144867479475,1,0,22,port_scan,1
17.631261152838324,4532,13002,62,0,1,2.0853899789413024,4,1,14,normal_http,0
0.3032804720853392,192,58,9,0,675,95.4460670195766,2,0,19,port_scan,1
140.0775837896282,115614,151,1097,0,1,9.33926844896543,1,0,1,data_exfil,1
4.458878489152559,4712,83335,73,0,4,0.6648336391946873,4,1,15,normal_http,0
0.4905622783558804,121,91,3,0,736,81.16222357237741,2,0,6,port_scan,1
517.8713727801421,73548,857,601,0,2,4.151788129208971,1,1,11,data_exfil,1
8.341090789755231,1648,1663,24,0,18,3.789961731200378,2,0,14,admin_tool,0
0.6356313260154074,1679,1740,36,1,16,3.2308808009977814,3,0,14,admin_tool,0
0.24930356820163996,176,67,3,0,531,90.31831202258138,1,0,7,port_scan,1
176.5970722351672,140697,976,1112,0,2,7.5598282403950705,1,1,4,data_exfil,1
15.782329790114177,2342,69232,43,0,1,1.5159338369376265,3,1,10,normal_http,0
0.6775145325308738,276,400,7,2,9,2.1743168105891857,3,2,14,misconfig,0
0.7352893414899161,254,230,51,19,2,27.743469016015453,2,0,0,brute_force,1
4.514721130589942,169,269,15,4,6,2.5064280011835645,3,2,7,misconfig,0
524.2356708888199,96562,358,523,0,1,3.7295464546407437,1,1,21,data_exfil,1
8.045415488924274,242,71658,21,0,4,2.1192120528645493,4,0,12,normal_http,0
0.5877950898523865,432,1678,15,2,19,3.358453391537219,3,0,9,admin_tool,0
1.6999736885355483,707,168,53,15,1,15.643094980959113,2,0,10,brute_force,1
7.695893971736542,1786,1299,7,1,13,2.078431570024536,3,0,17,admin_tool,0
0.09569190421622009,187,0,8,0,808,42.34208707635283,1,0,2,port_scan,1
18.832187422441145,4132,26117,91,0,3,1.2622842483421035,4,1,15,normal_http,0
0.48114153610171156,186,75,9,0,709,74.17219299661389,2,0,22,port_scan,1
0.9058482754745334,228,395,60,31,1,17.918466170890905,2,0,4,brute_force,1
7.625582579371299,254,1136,45,1,3,7.482998432840517,3,0,16,admin_tool,0
8.796984804391192,3463,92655,29,0,3,1.3919281935598384,3,1,9,normal_http,0
3.8826257283144296,377,467,9,1,1,1.0164149548121428,4,1,19,misconfig,0
7.7363999687971265,1743,35457,45,0,4,2.8010259040825973,4,1,13,normal_http,0
14.213142845300805,209,37912,74,0,3,3.4760756294464796,3,0,12,normal_http,0
11.047609325281348,211,96494,26,0,1,1.7072420920410052,4,1,10,normal_http,0
64.54521505186929,112501,610,592,0,3,7.463511528044624,1,1,18,data_exfil,1
9.809187111432614,1475,854,25,1,12,5.915150300538187,2,0,11,admin_tool,0
4.25919543034556,945,9749,73,0,2,3.3918257084491925,3,1,19,normal_http,0
